,Nompremier,Nomdeux,Score,Genre
0,Cowboy Bebop,Strange Dawn,6,"[' Drama', 'Action', ' Sci-Fi', ' Space', ' Comedy', ' Adventure']"
1,Cowboy Bebop,s.CRY.ed,4,"[' Drama', 'Action', ' Sci-Fi', ' Adventure']"
2,Cowboy Bebop,Saiyuuki Reload Gunlock,4,"[' Drama', 'Action', ' Comedy', ' Adventure']"
3,Cowboy Bebop,Saiyuuki Reload,4,"[' Drama', 'Action', ' Comedy', ' Adventure']"
4,Cowboy Bebop,Gensoumaden Saiyuuki,4,"[' Drama', 'Action', ' Comedy', ' Adventure']"
5,Cowboy Bebop,Fullmetal Alchemist,4,"[' Drama', 'Action', ' Comedy', ' Adventure']"
6,Cowboy Bebop,Chou Henshin Cosprayers,4,"['Action', ' Sci-Fi', ' Comedy', ' Adventure']"
7,Cowboy Bebop,Mobile Fighter G Gundam,4,"[' Drama', ' Comedy', ' Sci-Fi', ' Space']"
8,Cowboy Bebop,Turn A Gundam,5,"[' Drama', 'Action', ' Sci-Fi', ' Space', ' Adventure']"
9,Cowboy Bebop,Mobile Suit Gundam SEED Destiny,4,"[' Drama', 'Action', ' Sci-Fi', ' Space']"
10,Cowboy Bebop,Mobile Suit Gundam SEED,4,"[' Drama', 'Action', ' Sci-Fi', ' Space']"
11,Cowboy Bebop,Mobile Suit Gundam Wing: Endless Waltz,4,"[' Drama', 'Action', ' Sci-Fi', ' Space']"
12,Cowboy Bebop,Mobile Suit Gundam Wing,4,"[' Drama', 'Action', ' Sci-Fi', ' Space']"
13,Cowboy Bebop,Mobile Suit Gundam 0083: Stardust Memory,4,"[' Drama', ' Sci-Fi', ' Space', ' Adventure']"
14,Cowboy Bebop,Sunabouzu,4,"['Action', ' Sci-Fi', ' Comedy', ' Adventure']"
15,Cowboy Bebop,One Piece,4,"[' Drama', 'Action', ' Comedy', ' Adventure']"
16,Cowboy Bebop,Trigun,5,"[' Drama', 'Action', ' Sci-Fi', ' Comedy', ' Adventure']"
17,Cowboy Bebop,Cowboy Bebop: Tengoku no Tobira,4,"[' Drama', 'Action', ' Sci-Fi', ' Space']"
18,Cowboy Bebop: Tengoku no Tobira,Strange Dawn,4,"[' Drama', 'Action', ' Sci-Fi', ' Space']"
19,Cowboy Bebop: Tengoku no Tobira,RahXephon,4,"[' Drama', 'Action', ' Mystery', ' Sci-Fi']"
20,Cowboy Bebop: Tengoku no Tobira,Turn A Gundam,4,"[' Drama', 'Action', ' Sci-Fi', ' Space']"
21,Cowboy Bebop: Tengoku no Tobira,Mobile Suit Gundam SEED Destiny,4,"[' Drama', 'Action', ' Sci-Fi', ' Space']"
22,Cowboy Bebop: Tengoku no Tobira,Mobile Suit Gundam SEED,4,"[' Drama', 'Action', ' Sci-Fi', ' Space']"
23,Cowboy Bebop: Tengoku no Tobira,Mobile Suit Gundam Wing: Endless Waltz,4,"[' Drama', 'Action', ' Sci-Fi', ' Space']"
24,Cowboy Bebop: Tengoku no Tobira,Mobile Suit Gundam Wing,4,"[' Drama', 'Action', ' Sci-Fi', ' Space']"
25,Trigun,Strange Dawn,5,"[' Drama', 'Action', ' Sci-Fi', ' Comedy', ' Adventure']"
26,Trigun,s.CRY.ed,4,"[' Drama', 'Action', ' Sci-Fi', ' Adventure']"
27,Trigun,Scrapped Princess,4,"[' Drama', ' Shounen', ' Comedy', ' Adventure']"
28,Trigun,Shaman King,4,"['Action', ' Shounen', ' Comedy', ' Adventure']"
29,Trigun,GetBackers,4,"[' Drama', 'Action', ' Shounen', ' Comedy']"
30,Trigun,Saiyuuki Reload Gunlock,4,"[' Drama', 'Action', ' Comedy', ' Adventure']"
31,Trigun,Saiyuuki Reload,4,"[' Drama', 'Action', ' Comedy', ' Adventure']"
32,Trigun,Gensoumaden Saiyuuki,5,"[' Drama', 'Action', ' Shounen', ' Comedy', ' Adventure']"
33,Trigun,Gate Keepers 21,4,"[' Drama', 'Action', ' Sci-Fi', ' Shounen']"
34,Trigun,Gate Keepers,4,"['Action', ' Comedy', ' Sci-Fi', ' Shounen']"
35,Trigun,Fullmetal Alchemist,5,"[' Drama', 'Action', ' Shounen', ' Comedy', ' Adventure']"
36,Trigun,Chou Henshin Cosprayers,4,"['Action', ' Sci-Fi', ' Comedy', ' Adventure']"
37,Trigun,Chuuka Ichiban!,4,"[' Drama', 'Action', ' Comedy', ' Shounen']"
38,Trigun,Turn A Gundam,4,"[' Drama', 'Action', ' Sci-Fi', ' Adventure']"
39,Trigun,Appleseed (Movie),4,"[' Drama', 'Action', ' Sci-Fi', ' Shounen']"
40,Trigun,Rurouni Kenshin: Meiji Kenkaku Romantan,4,"['Action', ' Shounen', ' Comedy', ' Adventure']"
41,Trigun,Sunabouzu,5,"['Action', ' Sci-Fi', ' Shounen', ' Comedy', ' Adventure']"
42,Trigun,One Piece,5,"[' Drama', 'Action', ' Shounen', ' Comedy', ' Adventure']"
43,Trigun,Naruto,4,"['Action', ' Shounen', ' Comedy', ' Adventure']"
44,Witch Hunter Robin,X/1999,4,"[' Drama', 'Action', ' Magic', ' Supernatural']"
45,Witch Hunter Robin,Blood+,4,"[' Drama', 'Action', ' Mystery', ' Supernatural']"
46,Witch Hunter Robin,Loveless,4,"[' Drama', 'Action', ' Mystery', ' Supernatural']"
47,Witch Hunter Robin,GetBackers,4,"[' Drama', 'Action', ' Mystery', ' Supernatural']"
48,Bouken Ou Beet,Boukyaku no Senritsu,4,"['Adventure', ' Fantasy', ' Shounen', ' Supernatural']"
49,Eyeshield 21,Tennis no Ouji-sama,4,"['Action', ' Sports', ' Shounen', ' Comedy']"
50,Hachimitsu to Clover,Kareshi Kanojo no Jijou,4,"[' Drama', 'Comedy', ' Slice of Life', ' Romance']"
51,Hachimitsu to Clover,Final Approach,4,"[' Drama', 'Comedy', ' Slice of Life', ' Romance']"
52,Naruto,Shaman King,5,"['Action', ' Super Power', ' Shounen', ' Comedy', ' Adventure']"
53,Naruto,Hunter x Hunter: Greed Island Final,4,"['Action', ' Super Power', ' Shounen', ' Adventure']"
54,Naruto,Hunter x Hunter: Greed Island,4,"['Action', ' Super Power', ' Shounen', ' Adventure']"
55,Naruto,Hunter x Hunter: Original Video Animation,4,"['Action', ' Super Power', ' Shounen', ' Adventure']"
56,Naruto,Hunter x Hunter,4,"['Action', ' Super Power', ' Shounen', ' Adventure']"
57,Naruto,GetBackers,4,"['Action', ' Super Power', ' Shounen', ' Comedy']"
58,Naruto,Gensoumaden Saiyuuki,4,"['Action', ' Shounen', ' Comedy', ' Adventure']"
59,Naruto,Fullmetal Alchemist,4,"['Action', ' Shounen', ' Comedy', ' Adventure']"
60,Naruto,Chou Henshin Cosprayers,4,"['Action', ' Super Power', ' Comedy', ' Adventure']"
61,Naruto,Black Cat (TV),4,"[' Super Power', ' Shounen', ' Comedy', ' Adventure']"
62,Naruto,Rurouni Kenshin: Meiji Kenkaku Romantan,4,"['Action', ' Shounen', ' Comedy', ' Adventure']"
63,Naruto,Sunabouzu,4,"['Action', ' Shounen', ' Comedy', ' Adventure']"
64,Naruto,One Piece,5,"['Action', ' Super Power', ' Shounen', ' Comedy', ' Adventure']"
65,One Piece,Strange Dawn,4,"[' Drama', 'Action', ' Comedy', ' Adventure']"
66,One Piece,s.CRY.ed,4,"[' Drama', 'Action', ' Super Power', ' Adventure']"
67,One Piece,Scrapped Princess,5,"[' Drama', ' Shounen', ' Fantasy', ' Comedy', ' Adventure']"
68,One Piece,X,4,"[' Drama', 'Action', ' Super Power', ' Fantasy']"
69,One Piece,Shaman King,5,"['Action', ' Super Power', ' Shounen', ' Comedy', ' Adventure']"
70,One Piece,Hunter x Hunter: Greed Island Final,5,"['Action', ' Super Power', ' Shounen', ' Fantasy', ' Adventure']"
71,One Piece,Hunter x Hunter: Greed Island,5,"['Action', ' Super Power', ' Shounen', ' Fantasy', ' Adventure']"
72,One Piece,Hunter x Hunter: Original Video Animation,4,"['Action', ' Super Power', ' Shounen', ' Adventure']"
73,One Piece,Hunter x Hunter,5,"['Action', ' Super Power', ' Shounen', ' Fantasy', ' Adventure']"
74,One Piece,GetBackers,5,"[' Drama', 'Action', ' Super Power', ' Shounen', ' Comedy']"
75,One Piece,Saiyuuki Reload Gunlock,4,"[' Drama', 'Action', ' Comedy', ' Adventure']"
76,One Piece,Saiyuuki Reload,4,"[' Drama', 'Action', ' Comedy', ' Adventure']"
77,One Piece,Gensoumaden Saiyuuki,5,"[' Drama', 'Action', ' Shounen', ' Comedy', ' Adventure']"
78,One Piece,Gate Keepers,4,"['Action', ' Shounen', ' Comedy', ' Fantasy']"
79,One Piece,Fullmetal Alchemist,6,"[' Drama', 'Action', ' Shounen', ' Fantasy', ' Comedy', ' Adventure']"
80,One Piece,Chou Henshin Cosprayers,5,"['Action', ' Super Power', ' Fantasy', ' Comedy', ' Adventure']"
81,One Piece,Chuuka Ichiban!,4,"[' Drama', 'Action', ' Comedy', ' Shounen']"
82,One Piece,Mai-HiME,4,"[' Drama', 'Action', ' Comedy', ' Fantasy']"
83,One Piece,Mahou Shoujo Lyrical Nanoha A's,4,"[' Drama', 'Action', ' Super Power', ' Comedy']"
84,One Piece,Mahou Shoujo Lyrical Nanoha,4,"[' Drama', 'Action', ' Super Power', ' Comedy']"
85,One Piece,Black Cat (TV),4,"[' Super Power', ' Shounen', ' Comedy', ' Adventure']"
86,One Piece,Rurouni Kenshin: Meiji Kenkaku Romantan,4,"['Action', ' Shounen', ' Comedy', ' Adventure']"
87,One Piece,Kenpuu Denki Berserk,4,"[' Drama', 'Action', ' Adventure', ' Fantasy']"
88,One Piece,Sunabouzu,4,"['Action', ' Shounen', ' Comedy', ' Adventure']"
89,School Rumble,Pita Ten,4,"[' School', 'Comedy', ' Romance', ' Shounen']"
90,School Rumble,Mahou Sensei Negima!,4,"[' School', 'Comedy', ' Romance', ' Shounen']"
91,Sunabouzu,Strange Dawn,4,"['Action', ' Sci-Fi', ' Comedy', ' Adventure']"
92,Sunabouzu,Shaman King,4,"['Action', ' Shounen', ' Comedy', ' Adventure']"
93,Sunabouzu,Re: Cutey Honey,4,"['Action', ' Sci-Fi', ' Ecchi', ' Comedy']"
94,Sunabouzu,Gensoumaden Saiyuuki,4,"['Action', ' Shounen', ' Comedy', ' Adventure']"
95,Sunabouzu,Gate Keepers,4,"['Action', ' Comedy', ' Sci-Fi', ' Shounen']"
96,Sunabouzu,Fullmetal Alchemist,4,"['Action', ' Shounen', ' Comedy', ' Adventure']"
97,Sunabouzu,Chou Henshin Cosprayers,5,"['Action', ' Ecchi', ' Sci-Fi', ' Comedy', ' Adventure']"
98,Sunabouzu,Rurouni Kenshin: Meiji Kenkaku Romantan,4,"['Action', ' Shounen', ' Comedy', ' Adventure']"
99,Texhnolyze,RahXephon,4,"[' Drama', 'Action', ' Sci-Fi', ' Psychological']"
100,Texhnolyze,Gunslinger Girl,4,"[' Drama', 'Action', ' Sci-Fi', ' Psychological']"
101,Texhnolyze,Neon Genesis Evangelion,4,"[' Drama', 'Action', ' Sci-Fi', ' Psychological']"
102,Zipang,Gunslinger Girl,4,"[' Drama', 'Action', ' Sci-Fi', ' Military']"
103,Zipang,Turn A Gundam,4,"[' Drama', 'Action', ' Sci-Fi', ' Military']"
104,Zipang,Mobile Suit Gundam SEED Destiny,4,"[' Drama', 'Action', ' Sci-Fi', ' Military']"
105,Zipang,Mobile Suit Gundam SEED,4,"[' Drama', 'Action', ' Sci-Fi', ' Military']"
106,Zipang,Mobile Suit Gundam Wing: Endless Waltz,4,"[' Drama', 'Action', ' Sci-Fi', ' Military']"
107,Zipang,Mobile Suit Gundam Wing,4,"[' Drama', 'Action', ' Sci-Fi', ' Military']"
108,Zipang,Soukyuu no Fafner: Dead Aggressor,4,"[' Drama', 'Action', ' Sci-Fi', ' Military']"
109,Zipang,Appleseed (Movie),4,"[' Drama', 'Action', ' Sci-Fi', ' Military']"
110,Zipang,Akira,4,"['Action', ' Sci-Fi', ' Seinen', ' Military']"
111,Zipang,Kenpuu Denki Berserk,4,"[' Drama', 'Action', ' Seinen', ' Military']"
112,Neon Genesis Evangelion,RahXephon,5,"[' Drama', 'Action', ' Sci-Fi', ' Mecha', ' Psychological']"
113,Neon Genesis Evangelion,Gunslinger Girl,4,"[' Drama', 'Action', ' Sci-Fi', ' Psychological']"
114,Neon Genesis Evangelion,Gate Keepers 21,4,"[' Drama', 'Action', ' Sci-Fi', ' Mecha']"
115,Neon Genesis Evangelion,Turn A Gundam,4,"[' Drama', 'Action', ' Sci-Fi', ' Mecha']"
116,Neon Genesis Evangelion,Mobile Suit Gundam SEED Destiny,4,"[' Drama', 'Action', ' Sci-Fi', ' Mecha']"
117,Neon Genesis Evangelion,Mobile Suit Gundam SEED,4,"[' Drama', 'Action', ' Sci-Fi', ' Mecha']"
118,Neon Genesis Evangelion,Mobile Suit Gundam Wing: Endless Waltz,4,"[' Drama', 'Action', ' Sci-Fi', ' Mecha']"
119,Neon Genesis Evangelion,Mobile Suit Gundam Wing,4,"[' Drama', 'Action', ' Sci-Fi', ' Mecha']"
120,Neon Genesis Evangelion,Soukyuu no Fafner: Dead Aggressor,4,"[' Drama', 'Action', ' Sci-Fi', ' Mecha']"
121,Neon Genesis Evangelion,Appleseed (Movie),4,"[' Drama', 'Action', ' Sci-Fi', ' Mecha']"
122,Neon Genesis Evangelion,Koukaku Kidoutai,4,"[' Psychological', 'Action', ' Sci-Fi', ' Mecha']"
123,Neon Genesis Evangelion,Neon Genesis Evangelion: The End of Evangelion,4,"[' Drama', ' Psychological', ' Dementia', ' Mecha']"
124,Kenpuu Denki Berserk,Shingetsutan Tsukihime,4,"['Action', ' Horror', ' Romance', ' Supernatural']"
125,Kenpuu Denki Berserk,X,4,"[' Drama', 'Action', ' Romance', ' Fantasy']"
126,Kenpuu Denki Berserk,X/1999,5,"[' Drama', 'Action', ' Fantasy', ' Supernatural', ' Horror']"
127,Kenpuu Denki Berserk,Juuni Kokuki,4,"['Action', ' Adventure', ' Supernatural', ' Fantasy']"
128,Kenpuu Denki Berserk,Blood+,5,"[' Drama', 'Action', ' Military', ' Supernatural', ' Horror']"
129,Kenpuu Denki Berserk,Loveless,5,"[' Drama', 'Action', ' Fantasy', ' Supernatural', ' Romance']"
130,Kenpuu Denki Berserk,Kamikaze Kaitou Jeanne,4,"[' Drama', ' Fantasy', ' Demons', ' Romance']"
131,Kenpuu Denki Berserk,Saiyuuki Reload Gunlock,5,"[' Drama', 'Action', ' Demons', ' Supernatural', ' Adventure']"
132,Kenpuu Denki Berserk,Saiyuuki Reload,5,"[' Drama', 'Action', ' Demons', ' Supernatural', ' Adventure']"
133,Kenpuu Denki Berserk,Gensoumaden Saiyuuki,5,"[' Drama', 'Action', ' Demons', ' Supernatural', ' Adventure']"
134,Kenpuu Denki Berserk,Fullmetal Alchemist,5,"[' Drama', 'Action', ' Fantasy', ' Military', ' Adventure']"
135,Kenpuu Denki Berserk,Ayashi no Ceres,4,"[' Drama', ' Horror', ' Romance', ' Supernatural']"
136,Kenpuu Denki Berserk,Mai-HiME,4,"[' Drama', 'Action', ' Romance', ' Fantasy']"
137,Kenpuu Denki Berserk,Turn A Gundam,5,"[' Drama', 'Action', ' Military', ' Romance', ' Adventure']"
138,Kenpuu Denki Berserk,Mobile Suit Gundam SEED Destiny,4,"[' Drama', 'Action', ' Romance', ' Military']"
139,Kenpuu Denki Berserk,Mobile Suit Gundam SEED,4,"[' Drama', 'Action', ' Romance', ' Military']"
140,Kenpuu Denki Berserk,Shuffle!,4,"[' Drama', ' Fantasy', ' Romance', ' Seinen']"
141,Kenpuu Denki Berserk,Basilisk: Kouga Ninpou Chou,5,"['Action', ' Fantasy', ' Supernatural', ' Romance', ' Adventure']"
142,Kenpuu Denki Berserk,Chrno Crusade,4,"['Action', ' Demons', ' Romance', ' Supernatural']"
143,Kenpuu Denki Berserk,Blue Gender,4,"[' Drama', ' Horror', ' Romance', ' Military']"
144,Kenpuu Denki Berserk,Arc the Lad,4,"['Action', ' Horror', ' Adventure', ' Fantasy']"
145,Kenpuu Denki Berserk,Tenshi Kinryouku,4,"[' Drama', 'Action', ' Romance', ' Supernatural']"
146,Kenpuu Denki Berserk,Akira,6,"['Action', ' Supernatural', ' Seinen', ' Military', ' Horror', ' Adventure']"
147,Koukaku Kidoutai,RahXephon,4,"[' Psychological', 'Action', ' Sci-Fi', ' Mecha']"
148,Koukaku Kidoutai,Appleseed (Movie),4,"[' Police', 'Action', ' Sci-Fi', ' Mecha']"
149,Rurouni Kenshin: Meiji Kenkaku Romantan - Tsuioku-hen,Peace Maker Kurogane,4,"['Action', ' Samurai', ' Shounen', ' Historical']"
150,Rurouni Kenshin: Meiji Kenkaku Romantan - Tsuioku-hen,Fushigi Yuugi,4,"[' Drama', ' Historical', ' Romance', ' Martial Arts']"
151,Rurouni Kenshin: Meiji Kenkaku Romantan - Tsuioku-hen,Basilisk: Kouga Ninpou Chou,4,"['Action', ' Samurai', ' Romance', ' Historical']"
152,Rurouni Kenshin: Meiji Kenkaku Romantan - Tsuioku-hen,Chrno Crusade,4,"['Action', ' Romance', ' Historical', ' Shounen']"
153,Rurouni Kenshin: Meiji Kenkaku Romantan - Tsuioku-hen,Rurouni Kenshin: Meiji Kenkaku Romantan,5,"['Action', ' Samurai', ' Historical', ' Shounen', ' Romance']"
154,Rurouni Kenshin: Meiji Kenkaku Romantan,Peace Maker Kurogane,5,"['Action', ' Samurai', ' Historical', ' Shounen', ' Comedy']"
155,Rurouni Kenshin: Meiji Kenkaku Romantan,Shaman King,4,"['Action', ' Shounen', ' Comedy', ' Adventure']"
156,Rurouni Kenshin: Meiji Kenkaku Romantan,Gensoumaden Saiyuuki,4,"['Action', ' Shounen', ' Comedy', ' Adventure']"
157,Rurouni Kenshin: Meiji Kenkaku Romantan,Fullmetal Alchemist,4,"['Action', ' Shounen', ' Comedy', ' Adventure']"
158,Rurouni Kenshin: Meiji Kenkaku Romantan,Basilisk: Kouga Ninpou Chou,5,"['Action', ' Samurai', ' Historical', ' Romance', ' Adventure']"
159,Rurouni Kenshin: Meiji Kenkaku Romantan,Chrno Crusade,4,"['Action', ' Romance', ' Historical', ' Shounen']"
160,Akira,X/1999,4,"['Action', ' Horror', ' Sci-Fi', ' Supernatural']"
161,Akira,Blood+,4,"['Action', ' Horror', ' Supernatural', ' Military']"
162,Akira,Turn A Gundam,4,"['Action', ' Adventure', ' Sci-Fi', ' Military']"
163,Akira,Arc the Lad,4,"['Action', ' Horror', ' Sci-Fi', ' Adventure']"
164,.hack//Sign,Chou Henshin Cosprayers,4,"[' Fantasy', ' Magic', ' Sci-Fi', ' Adventure']"
165,Aa! Megami-sama!,Mahou Sensei Negima!,4,"['Comedy', ' Magic', ' Romance', ' Supernatural']"
166,Aa! Megami-sama!,Aa! Megami-sama! (TV),5,"[' Seinen', 'Comedy', ' Supernatural', ' Magic', ' Romance']"
167,Aa! Megami-sama! (TV),Mahou Sensei Negima!,4,"['Comedy', ' Magic', ' Romance', ' Supernatural']"
168,Tenshi Kinryouku,X,4,"[' Drama', 'Action', ' Romance', ' Shoujo']"
169,Tenshi Kinryouku,Loveless,4,"[' Drama', 'Action', ' Romance', ' Supernatural']"
170,Tenshi Kinryouku,Full Moon wo Sagashite,4,"[' Drama', ' Shoujo', ' Romance', ' Supernatural']"
171,Tenshi Kinryouku,Fruits Basket,4,"[' Drama', ' Shoujo', ' Romance', ' Supernatural']"
172,Tenshi Kinryouku,Ayashi no Ceres,4,"[' Drama', ' Shoujo', ' Romance', ' Supernatural']"
173,Kidou Tenshi Angelic Layer,Scrapped Princess,4,"[' Drama', 'Sci-Fi', ' Shounen', ' Comedy']"
174,Ai Yori Aoshi,Shuffle!,4,"[' Drama', ' Romance', ' Comedy', 'Harem']"
175,Appleseed (Movie),RahXephon,4,"[' Drama', 'Action', ' Sci-Fi', ' Mecha']"
176,Appleseed (Movie),Gunslinger Girl,4,"[' Drama', 'Action', ' Sci-Fi', ' Military']"
177,Appleseed (Movie),Gate Keepers 21,5,"[' Drama', 'Action', ' Sci-Fi', ' Mecha', ' Shounen']"
178,Appleseed (Movie),Gate Keepers,4,"['Action', ' Sci-Fi', ' Shounen', ' Mecha']"
179,Appleseed (Movie),Fullmetal Alchemist,4,"[' Drama', 'Action', ' Shounen', ' Military']"
180,Appleseed (Movie),Turn A Gundam,5,"[' Drama', 'Action', ' Sci-Fi', ' Mecha', ' Military']"
181,Appleseed (Movie),Mobile Suit Gundam SEED Destiny,5,"[' Drama', 'Action', ' Sci-Fi', ' Mecha', ' Military']"
182,Appleseed (Movie),Mobile Suit Gundam SEED,5,"[' Drama', 'Action', ' Sci-Fi', ' Mecha', ' Military']"
183,Appleseed (Movie),Mobile Suit Gundam Wing: Endless Waltz,5,"[' Drama', 'Action', ' Sci-Fi', ' Mecha', ' Military']"
184,Appleseed (Movie),Mobile Suit Gundam Wing,5,"[' Drama', 'Action', ' Sci-Fi', ' Mecha', ' Military']"
185,Appleseed (Movie),Mobile Suit Gundam ZZ,4,"[' Drama', ' Military', ' Sci-Fi', ' Mecha']"
186,Appleseed (Movie),Mobile Suit Gundam: The 08th MS Team,4,"[' Drama', ' Military', ' Sci-Fi', ' Mecha']"
187,Appleseed (Movie),Mobile Suit Gundam,4,"['Action', ' Military', ' Sci-Fi', ' Mecha']"
188,Appleseed (Movie),Soukyuu no Fafner: Dead Aggressor,5,"[' Drama', 'Action', ' Sci-Fi', ' Mecha', ' Military']"
189,Appleseed (Movie),Full Metal Panic!,4,"['Action', ' Military', ' Sci-Fi', ' Mecha']"
190,Appleseed (Movie),Blue Gender,4,"[' Drama', ' Military', ' Sci-Fi', ' Mecha']"
191,Arc the Lad,X/1999,4,"['Action', ' Horror', ' Sci-Fi', ' Fantasy']"
192,Arc the Lad,Chou Henshin Cosprayers,4,"['Action', ' Adventure', ' Sci-Fi', ' Fantasy']"
193,Avenger,Boukyaku no Senritsu,4,"['Adventure', ' Sci-Fi', ' Shounen', ' Fantasy']"
194,Avenger,Ou Dorobou Jing,4,"['Adventure', ' Sci-Fi', ' Shounen', ' Fantasy']"
195,Blue Gender,RahXephon,4,"[' Drama', ' Romance', ' Sci-Fi', ' Mecha']"
196,Blue Gender,"Ima, Soko ni Iru Boku",4,"[' Drama', 'Adventure', ' Sci-Fi', ' Military']"
197,Blue Gender,Boukyaku no Senritsu,5,"[' Sci-Fi', ' Mecha', 'Adventure', ' Space', ' Horror']"
198,Blue Gender,Uchuu no Stellvia,4,"[' Space', ' Romance', ' Sci-Fi', ' Mecha']"
199,Blue Gender,Ayashi no Ceres,4,"[' Drama', 'Adventure', ' Horror', ' Romance']"
200,Blue Gender,Mobile Fighter G Gundam,6,"[' Drama', ' Sci-Fi', ' Mecha', 'Adventure', ' Space', ' Romance']"
201,Blue Gender,Turn A Gundam,6,"[' Drama', ' Sci-Fi', ' Mecha', ' Space', ' Military', ' Romance']"
202,Blue Gender,Mobile Suit Gundam SEED Destiny,6,"[' Drama', ' Sci-Fi', ' Mecha', ' Space', ' Military', ' Romance']"
203,Blue Gender,Mobile Suit Gundam SEED,6,"[' Drama', ' Sci-Fi', ' Mecha', ' Space', ' Military', ' Romance']"
204,Blue Gender,Mobile Suit Gundam Wing: Endless Waltz,5,"[' Drama', ' Sci-Fi', ' Mecha', ' Space', ' Military']"
205,Blue Gender,Mobile Suit Gundam Wing,5,"[' Drama', ' Sci-Fi', ' Mecha', ' Space', ' Military']"
206,Blue Gender,Mobile Suit Victory Gundam,4,"[' Space', ' Military', ' Sci-Fi', ' Mecha']"
207,Blue Gender,Mobile Suit Gundam F91,4,"[' Space', ' Military', ' Sci-Fi', ' Mecha']"
208,Blue Gender,Mobile Suit Gundam: Char's Counterattack,4,"[' Drama', ' Sci-Fi', ' Space', ' Mecha']"
209,Blue Gender,Mobile Suit Gundam ZZ,4,"[' Drama', ' Military', ' Sci-Fi', ' Mecha']"
210,Blue Gender,Mobile Suit Zeta Gundam,5,"[' Drama', ' Sci-Fi', ' Mecha', ' Space', ' Romance']"
211,Blue Gender,Mobile Suit Gundam 0083: Stardust Memory,5,"[' Drama', ' Sci-Fi', ' Mecha', ' Space', ' Romance']"
212,Blue Gender,Mobile Suit Gundam: The 08th MS Team - Miller's Report,4,"[' Drama', ' Romance', ' Sci-Fi', ' Mecha']"
213,Blue Gender,Mobile Suit Gundam 0080: War in the Pocket,4,"[' Drama', ' Sci-Fi', ' Space', ' Mecha']"
214,Blue Gender,Mobile Suit Gundam: The 08th MS Team,6,"[' Drama', ' Sci-Fi', ' Mecha', 'Adventure', ' Military', ' Romance']"
215,Blue Gender,Mobile Suit Gundam,4,"[' Space', ' Military', ' Sci-Fi', ' Mecha']"
216,Blue Gender,Soukyuu no Fafner: Dead Aggressor,4,"[' Drama', ' Military', ' Sci-Fi', ' Mecha']"
217,Chobits,Kono Minikuku mo Utsukushii Sekai,5,"[' Drama', 'Sci-Fi', ' Ecchi', ' Comedy', ' Romance']"
218,Chobits,Shuffle!,5,"[' Drama', ' Ecchi', ' Seinen', ' Comedy', ' Romance']"
219,Chobits,DearS,4,"['Sci-Fi', ' Romance', ' Ecchi', ' Comedy']"
220,Chrno Crusade,Gensoumaden Saiyuuki,4,"['Action', ' Demons', ' Shounen', ' Supernatural']"
221,Chrno Crusade,Basilisk: Kouga Ninpou Chou,4,"['Action', ' Historical', ' Romance', ' Supernatural']"
222,D.N.Angel,Mahou Sensei Negima!,4,"[' School', ' Fantasy', ' Magic', ' Romance']"
223,D.N.Angel,X,5,"['Action', ' Fantasy', ' Magic', ' Romance', ' Shoujo']"
224,D.N.Angel,Kamikaze Kaitou Jeanne,5,"[' Fantasy', ' Comedy', ' Magic', ' Romance', ' Shoujo']"
225,D.N.Angel,Fushigi Yuugi,5,"[' Fantasy', ' Comedy', ' Magic', ' Romance', ' Shoujo']"
226,D.N.Angel,Fullmetal Alchemist,4,"['Action', ' Magic', ' Comedy', ' Fantasy']"
227,D.N.Angel,Chou Henshin Cosprayers,4,"['Action', ' Magic', ' Comedy', ' Fantasy']"
228,D.N.Angel,Akazukin Chacha,5,"[' Fantasy', ' Comedy', ' Magic', ' Romance', ' Shoujo']"
229,D.N.Angel,Shin Shirayuki-hime Densetsu Prétear,4,"[' Fantasy', ' Magic', ' Romance', ' Shoujo']"
230,D.N.Angel,Mai-HiME,6,"[' School', 'Action', ' Fantasy', ' Comedy', ' Magic', ' Romance']"
231,D.N.Angel,Shuffle!,5,"[' School', ' Fantasy', ' Comedy', ' Magic', ' Romance']"
232,D.C.: Da Capo,Shuffle!,4,"[' Drama', ' Magic', ' Romance', 'Harem']"
233,DearS,Mahou Sensei Negima!,4,"[' Romance', ' Harem', ' Ecchi', ' Shounen']"
234,DearS,Kono Minikuku mo Utsukushii Sekai,4,"['Sci-Fi', ' Romance', ' Ecchi', ' Comedy']"
235,Rozen Maiden,Fullmetal Alchemist,4,"[' Drama', 'Action', ' Magic', ' Comedy']"
236,Rozen Maiden,Mai-HiME,4,"[' Drama', 'Action', ' Magic', ' Comedy']"
237,Rozen Maiden,Shuffle!,4,"[' Drama', ' Magic', ' Comedy', ' Seinen']"
238,Rozen Maiden,Mahou Shoujo Lyrical Nanoha A's,4,"[' Drama', 'Action', ' Magic', ' Comedy']"
239,Rozen Maiden,Mahou Shoujo Lyrical Nanoha,4,"[' Drama', 'Action', ' Magic', ' Comedy']"
240,Rozen Maiden,Rozen Maiden: Träumend,5,"[' Drama', 'Action', ' Seinen', ' Comedy', ' Magic']"
241,Rozen Maiden: Träumend,Fullmetal Alchemist,4,"[' Drama', 'Action', ' Magic', ' Comedy']"
242,Rozen Maiden: Träumend,Mai-HiME,4,"[' Drama', 'Action', ' Magic', ' Comedy']"
243,Rozen Maiden: Träumend,Shuffle!,4,"[' Drama', ' Magic', ' Comedy', ' Seinen']"
244,Rozen Maiden: Träumend,Mahou Shoujo Lyrical Nanoha A's,4,"[' Drama', 'Action', ' Magic', ' Comedy']"
245,Rozen Maiden: Träumend,Mahou Shoujo Lyrical Nanoha,4,"[' Drama', 'Action', ' Magic', ' Comedy']"
246,Basilisk: Kouga Ninpou Chou,Juuni Kokuki,4,"['Action', ' Adventure', ' Supernatural', ' Fantasy']"
247,Basilisk: Kouga Ninpou Chou,Loveless,4,"['Action', ' Supernatural', ' Romance', ' Fantasy']"
248,Black Cat (TV),Scrapped Princess,4,"['Sci-Fi', ' Shounen', ' Comedy', ' Adventure']"
249,Black Cat (TV),Shaman King,4,"[' Super Power', ' Shounen', ' Comedy', ' Adventure']"
250,Full Metal Panic!,Gate Keepers,4,"['Action', ' Sci-Fi', ' Comedy', ' Mecha']"
251,Full Metal Panic!,Turn A Gundam,4,"['Action', ' Military', ' Sci-Fi', ' Mecha']"
252,Full Metal Panic!,Mobile Suit Gundam SEED Destiny,4,"['Action', ' Military', ' Sci-Fi', ' Mecha']"
253,Full Metal Panic!,Mobile Suit Gundam SEED,4,"['Action', ' Military', ' Sci-Fi', ' Mecha']"
254,Full Metal Panic!,Mobile Suit Gundam Wing: Endless Waltz,4,"['Action', ' Military', ' Sci-Fi', ' Mecha']"
255,Full Metal Panic!,Mobile Suit Gundam Wing,4,"['Action', ' Military', ' Sci-Fi', ' Mecha']"
256,Full Metal Panic!,Mobile Suit Gundam ZZ,4,"[' Military', ' Sci-Fi', ' Comedy', ' Mecha']"
257,Full Metal Panic!,Mobile Suit Gundam,4,"['Action', ' Military', ' Sci-Fi', ' Mecha']"
258,Full Metal Panic!,Soukyuu no Fafner: Dead Aggressor,4,"['Action', ' Military', ' Sci-Fi', ' Mecha']"
259,Soukyuu no Fafner: Dead Aggressor,RahXephon,4,"[' Drama', 'Action', ' Sci-Fi', ' Mecha']"
260,Soukyuu no Fafner: Dead Aggressor,Gunslinger Girl,4,"[' Drama', 'Action', ' Sci-Fi', ' Military']"
261,Soukyuu no Fafner: Dead Aggressor,Gate Keepers 21,4,"[' Drama', 'Action', ' Sci-Fi', ' Mecha']"
262,Soukyuu no Fafner: Dead Aggressor,Turn A Gundam,5,"[' Drama', 'Action', ' Sci-Fi', ' Mecha', ' Military']"
263,Soukyuu no Fafner: Dead Aggressor,Mobile Suit Gundam SEED Destiny,5,"[' Drama', 'Action', ' Sci-Fi', ' Mecha', ' Military']"
264,Soukyuu no Fafner: Dead Aggressor,Mobile Suit Gundam SEED,5,"[' Drama', 'Action', ' Sci-Fi', ' Mecha', ' Military']"
265,Soukyuu no Fafner: Dead Aggressor,Mobile Suit Gundam Wing: Endless Waltz,5,"[' Drama', 'Action', ' Sci-Fi', ' Mecha', ' Military']"
266,Soukyuu no Fafner: Dead Aggressor,Mobile Suit Gundam Wing,5,"[' Drama', 'Action', ' Sci-Fi', ' Mecha', ' Military']"
267,Soukyuu no Fafner: Dead Aggressor,Mobile Suit Gundam ZZ,4,"[' Drama', ' Military', ' Sci-Fi', ' Mecha']"
268,Soukyuu no Fafner: Dead Aggressor,Mobile Suit Gundam: The 08th MS Team,4,"[' Drama', ' Military', ' Sci-Fi', ' Mecha']"
269,Soukyuu no Fafner: Dead Aggressor,Mobile Suit Gundam,4,"['Action', ' Military', ' Sci-Fi', ' Mecha']"
270,Mahou Shoujo Lyrical Nanoha,X,4,"[' Drama', 'Action', ' Super Power', ' Magic']"
271,Mahou Shoujo Lyrical Nanoha,GetBackers,4,"[' Drama', 'Action', ' Super Power', ' Comedy']"
272,Mahou Shoujo Lyrical Nanoha,Fullmetal Alchemist,4,"[' Drama', 'Action', ' Magic', ' Comedy']"
273,Mahou Shoujo Lyrical Nanoha,Chou Henshin Cosprayers,4,"['Action', ' Super Power', ' Magic', ' Comedy']"
274,Mahou Shoujo Lyrical Nanoha,Mai-HiME,4,"[' Drama', 'Action', ' Magic', ' Comedy']"
275,Mahou Shoujo Lyrical Nanoha,Mahou Shoujo Lyrical Nanoha A's,5,"[' Drama', 'Action', ' Super Power', ' Comedy', ' Magic']"
276,Mahou Shoujo Lyrical Nanoha A's,X,4,"[' Drama', 'Action', ' Super Power', ' Magic']"
277,Mahou Shoujo Lyrical Nanoha A's,GetBackers,4,"[' Drama', 'Action', ' Super Power', ' Comedy']"
278,Mahou Shoujo Lyrical Nanoha A's,Fullmetal Alchemist,4,"[' Drama', 'Action', ' Magic', ' Comedy']"
279,Mahou Shoujo Lyrical Nanoha A's,Chou Henshin Cosprayers,4,"['Action', ' Super Power', ' Magic', ' Comedy']"
280,Mahou Shoujo Lyrical Nanoha A's,Mai-HiME,4,"[' Drama', 'Action', ' Magic', ' Comedy']"
281,Shuffle!,Mahou Sensei Negima!,5,"[' School', ' Ecchi', ' Fantasy', ' Magic', ' Romance']"
282,Shuffle!,X,4,"[' Drama', ' Fantasy', ' Magic', ' Romance']"
283,Shuffle!,Kono Minikuku mo Utsukushii Sekai,5,"[' Drama', ' Ecchi', ' Comedy', ' Magic', ' Romance']"
284,Shuffle!,Kamikaze Kaitou Jeanne,5,"[' Drama', ' Fantasy', ' Comedy', ' Magic', ' Romance']"
285,Shuffle!,Fushigi Yuugi,5,"[' Drama', ' Fantasy', ' Comedy', ' Magic', ' Romance']"
286,Shuffle!,Fullmetal Alchemist,4,"[' Drama', ' Fantasy', ' Magic', ' Comedy']"
287,Shuffle!,Chou Henshin Cosprayers,4,"[' Fantasy', ' Magic', ' Ecchi', ' Comedy']"
288,Shuffle!,Akazukin Chacha,4,"[' Fantasy', ' Magic', ' Romance', ' Comedy']"
289,Shuffle!,Shin Shirayuki-hime Densetsu Prétear,4,"[' Drama', ' Fantasy', ' Magic', ' Romance']"
290,Shuffle!,Mai-HiME,6,"[' Drama', ' School', ' Fantasy', ' Comedy', ' Magic', ' Romance']"
291,Mobile Suit Gundam,Uchuu no Stellvia,4,"[' Space', 'Action', ' Sci-Fi', ' Mecha']"
292,Mobile Suit Gundam,Turn A Gundam,5,"['Action', ' Sci-Fi', ' Mecha', ' Space', ' Military']"
293,Mobile Suit Gundam,Mobile Suit Gundam SEED Destiny,5,"['Action', ' Sci-Fi', ' Mecha', ' Space', ' Military']"
294,Mobile Suit Gundam,Mobile Suit Gundam SEED,5,"['Action', ' Sci-Fi', ' Mecha', ' Space', ' Military']"
295,Mobile Suit Gundam,Mobile Suit Gundam Wing: Endless Waltz,5,"['Action', ' Sci-Fi', ' Mecha', ' Space', ' Military']"
296,Mobile Suit Gundam,Mobile Suit Gundam Wing,5,"['Action', ' Sci-Fi', ' Mecha', ' Space', ' Military']"
297,Mobile Suit Gundam,Mobile Suit Victory Gundam,4,"[' Space', ' Military', ' Sci-Fi', ' Mecha']"
298,Mobile Suit Gundam,Mobile Suit Gundam F91,4,"[' Space', ' Military', ' Sci-Fi', ' Mecha']"
299,Mobile Suit Gundam: The 08th MS Team,RahXephon,4,"[' Drama', ' Romance', ' Sci-Fi', ' Mecha']"
300,Mobile Suit Gundam: The 08th MS Team,"Ima, Soko ni Iru Boku",4,"[' Drama', 'Adventure', ' Sci-Fi', ' Military']"
301,Mobile Suit Gundam: The 08th MS Team,Mobile Fighter G Gundam,5,"[' Drama', ' Sci-Fi', ' Mecha', 'Adventure', ' Romance']"
302,Mobile Suit Gundam: The 08th MS Team,Turn A Gundam,5,"[' Drama', ' Sci-Fi', ' Mecha', ' Military', ' Romance']"
303,Mobile Suit Gundam: The 08th MS Team,Mobile Suit Gundam SEED Destiny,5,"[' Drama', ' Sci-Fi', ' Mecha', ' Military', ' Romance']"
304,Mobile Suit Gundam: The 08th MS Team,Mobile Suit Gundam SEED,5,"[' Drama', ' Sci-Fi', ' Mecha', ' Military', ' Romance']"
305,Mobile Suit Gundam: The 08th MS Team,Mobile Suit Gundam Wing: Endless Waltz,4,"[' Drama', ' Military', ' Sci-Fi', ' Mecha']"
306,Mobile Suit Gundam: The 08th MS Team,Mobile Suit Gundam Wing,4,"[' Drama', ' Military', ' Sci-Fi', ' Mecha']"
307,Mobile Suit Gundam: The 08th MS Team,Mobile Suit Gundam ZZ,4,"[' Drama', ' Military', ' Sci-Fi', ' Mecha']"
308,Mobile Suit Gundam: The 08th MS Team,Mobile Suit Zeta Gundam,4,"[' Drama', ' Romance', ' Sci-Fi', ' Mecha']"
309,Mobile Suit Gundam: The 08th MS Team,Mobile Suit Gundam 0083: Stardust Memory,4,"[' Drama', ' Romance', ' Sci-Fi', ' Mecha']"
310,Mobile Suit Gundam: The 08th MS Team,Mobile Suit Gundam: The 08th MS Team - Miller's Report,4,"[' Drama', ' Romance', ' Sci-Fi', ' Mecha']"
311,Mobile Suit Gundam 0080: War in the Pocket,Mobile Fighter G Gundam,4,"[' Drama', ' Sci-Fi', ' Space', ' Mecha']"
312,Mobile Suit Gundam 0080: War in the Pocket,Turn A Gundam,4,"[' Drama', ' Sci-Fi', ' Space', ' Mecha']"
313,Mobile Suit Gundam 0080: War in the Pocket,Mobile Suit Gundam SEED Destiny,4,"[' Drama', ' Sci-Fi', ' Space', ' Mecha']"
314,Mobile Suit Gundam 0080: War in the Pocket,Mobile Suit Gundam SEED,4,"[' Drama', ' Sci-Fi', ' Space', ' Mecha']"
315,Mobile Suit Gundam 0080: War in the Pocket,Mobile Suit Gundam Wing: Endless Waltz,4,"[' Drama', ' Sci-Fi', ' Space', ' Mecha']"
316,Mobile Suit Gundam 0080: War in the Pocket,Mobile Suit Gundam Wing,4,"[' Drama', ' Sci-Fi', ' Space', ' Mecha']"
317,Mobile Suit Gundam 0080: War in the Pocket,Mobile Suit Gundam: Char's Counterattack,5,"[' Drama', ' Sci-Fi', ' Mecha', ' Space', 'Military']"
318,Mobile Suit Gundam 0080: War in the Pocket,Mobile Suit Zeta Gundam,5,"[' Drama', ' Sci-Fi', ' Mecha', ' Space', 'Military']"
319,Mobile Suit Gundam 0080: War in the Pocket,Mobile Suit Gundam 0083: Stardust Memory,5,"[' Drama', ' Sci-Fi', ' Mecha', ' Space', 'Military']"
320,Mobile Suit Gundam 0080: War in the Pocket,Mobile Suit Gundam: The 08th MS Team - Miller's Report,4,"[' Drama', 'Military', ' Sci-Fi', ' Mecha']"
321,Mobile Suit Gundam: The 08th MS Team - Miller's Report,RahXephon,4,"[' Drama', ' Romance', ' Sci-Fi', ' Mecha']"
322,Mobile Suit Gundam: The 08th MS Team - Miller's Report,Mobile Fighter G Gundam,4,"[' Drama', ' Romance', ' Sci-Fi', ' Mecha']"
323,Mobile Suit Gundam: The 08th MS Team - Miller's Report,Turn A Gundam,4,"[' Drama', ' Romance', ' Sci-Fi', ' Mecha']"
324,Mobile Suit Gundam: The 08th MS Team - Miller's Report,Mobile Suit Gundam SEED Destiny,4,"[' Drama', ' Romance', ' Sci-Fi', ' Mecha']"
325,Mobile Suit Gundam: The 08th MS Team - Miller's Report,Mobile Suit Gundam SEED,4,"[' Drama', ' Romance', ' Sci-Fi', ' Mecha']"
326,Mobile Suit Gundam: The 08th MS Team - Miller's Report,Mobile Suit Gundam: Char's Counterattack,4,"[' Drama', 'Military', ' Sci-Fi', ' Mecha']"
327,Mobile Suit Gundam: The 08th MS Team - Miller's Report,Mobile Suit Zeta Gundam,5,"[' Drama', ' Sci-Fi', ' Mecha', ' Romance', 'Military']"
328,Mobile Suit Gundam: The 08th MS Team - Miller's Report,Mobile Suit Gundam 0083: Stardust Memory,5,"[' Drama', ' Sci-Fi', ' Mecha', ' Romance', 'Military']"
329,Mobile Suit Gundam 0083: Stardust Memory,Strange Dawn,4,"[' Drama', ' Sci-Fi', ' Space', ' Adventure']"
330,Mobile Suit Gundam 0083: Stardust Memory,RahXephon,4,"[' Drama', ' Romance', ' Sci-Fi', ' Mecha']"
331,Mobile Suit Gundam 0083: Stardust Memory,Uchuu no Stellvia,4,"[' Space', ' Romance', ' Sci-Fi', ' Mecha']"
332,Mobile Suit Gundam 0083: Stardust Memory,Mobile Fighter G Gundam,5,"[' Drama', ' Sci-Fi', ' Mecha', ' Space', ' Romance']"
333,Mobile Suit Gundam 0083: Stardust Memory,Turn A Gundam,6,"[' Drama', ' Sci-Fi', ' Mecha', ' Space', ' Romance', ' Adventure']"
334,Mobile Suit Gundam 0083: Stardust Memory,Mobile Suit Gundam SEED Destiny,5,"[' Drama', ' Sci-Fi', ' Mecha', ' Space', ' Romance']"
335,Mobile Suit Gundam 0083: Stardust Memory,Mobile Suit Gundam SEED,5,"[' Drama', ' Sci-Fi', ' Mecha', ' Space', ' Romance']"
336,Mobile Suit Gundam 0083: Stardust Memory,After War Gundam X,4,"[' Drama', ' Adventure', ' Space', ' Mecha']"
337,Mobile Suit Gundam 0083: Stardust Memory,Mobile Suit Gundam Wing: Endless Waltz,4,"[' Drama', ' Sci-Fi', ' Space', ' Mecha']"
338,Mobile Suit Gundam 0083: Stardust Memory,Mobile Suit Gundam Wing,4,"[' Drama', ' Sci-Fi', ' Space', ' Mecha']"
339,Mobile Suit Gundam 0083: Stardust Memory,Mobile Suit Gundam: Char's Counterattack,5,"[' Drama', ' Sci-Fi', ' Mecha', ' Space', 'Military']"
340,Mobile Suit Gundam 0083: Stardust Memory,Mobile Suit Zeta Gundam,6,"[' Drama', ' Sci-Fi', ' Mecha', ' Space', ' Romance', 'Military']"
341,Mobile Suit Zeta Gundam,RahXephon,4,"[' Drama', ' Romance', ' Sci-Fi', ' Mecha']"
342,Mobile Suit Zeta Gundam,Uchuu no Stellvia,4,"[' Space', ' Romance', ' Sci-Fi', ' Mecha']"
343,Mobile Suit Zeta Gundam,Mobile Fighter G Gundam,5,"[' Drama', ' Sci-Fi', ' Mecha', ' Space', ' Romance']"
344,Mobile Suit Zeta Gundam,Turn A Gundam,5,"[' Drama', ' Sci-Fi', ' Mecha', ' Space', ' Romance']"
345,Mobile Suit Zeta Gundam,Mobile Suit Gundam SEED Destiny,5,"[' Drama', ' Sci-Fi', ' Mecha', ' Space', ' Romance']"
346,Mobile Suit Zeta Gundam,Mobile Suit Gundam SEED,5,"[' Drama', ' Sci-Fi', ' Mecha', ' Space', ' Romance']"
347,Mobile Suit Zeta Gundam,Mobile Suit Gundam Wing: Endless Waltz,4,"[' Drama', ' Sci-Fi', ' Space', ' Mecha']"
348,Mobile Suit Zeta Gundam,Mobile Suit Gundam Wing,4,"[' Drama', ' Sci-Fi', ' Space', ' Mecha']"
349,Mobile Suit Zeta Gundam,Mobile Suit Gundam: Char's Counterattack,5,"[' Drama', ' Sci-Fi', ' Mecha', ' Space', 'Military']"
350,Mobile Suit Gundam ZZ,Mobile Fighter G Gundam,4,"[' Drama', ' Sci-Fi', ' Comedy', ' Mecha']"
351,Mobile Suit Gundam ZZ,Turn A Gundam,4,"[' Drama', ' Military', ' Sci-Fi', ' Mecha']"
352,Mobile Suit Gundam ZZ,Mobile Suit Gundam SEED Destiny,4,"[' Drama', ' Military', ' Sci-Fi', ' Mecha']"
353,Mobile Suit Gundam ZZ,Mobile Suit Gundam SEED,4,"[' Drama', ' Military', ' Sci-Fi', ' Mecha']"
354,Mobile Suit Gundam ZZ,Mobile Suit Gundam Wing: Endless Waltz,4,"[' Drama', ' Military', ' Sci-Fi', ' Mecha']"
355,Mobile Suit Gundam ZZ,Mobile Suit Gundam Wing,4,"[' Drama', ' Military', ' Sci-Fi', ' Mecha']"
356,Mobile Suit Gundam: Char's Counterattack,Mobile Fighter G Gundam,4,"[' Drama', ' Sci-Fi', ' Space', ' Mecha']"
357,Mobile Suit Gundam: Char's Counterattack,Turn A Gundam,4,"[' Drama', ' Sci-Fi', ' Space', ' Mecha']"
358,Mobile Suit Gundam: Char's Counterattack,Mobile Suit Gundam SEED Destiny,4,"[' Drama', ' Sci-Fi', ' Space', ' Mecha']"
359,Mobile Suit Gundam: Char's Counterattack,Mobile Suit Gundam SEED,4,"[' Drama', ' Sci-Fi', ' Space', ' Mecha']"
360,Mobile Suit Gundam: Char's Counterattack,Mobile Suit Gundam Wing: Endless Waltz,4,"[' Drama', ' Sci-Fi', ' Space', ' Mecha']"
361,Mobile Suit Gundam: Char's Counterattack,Mobile Suit Gundam Wing,4,"[' Drama', ' Sci-Fi', ' Space', ' Mecha']"
362,Mobile Suit Gundam F91,Turn A Gundam,4,"[' Space', ' Military', ' Sci-Fi', ' Mecha']"
363,Mobile Suit Gundam F91,Mobile Suit Gundam SEED Destiny,4,"[' Space', ' Military', ' Sci-Fi', ' Mecha']"
364,Mobile Suit Gundam F91,Mobile Suit Gundam SEED,4,"[' Space', ' Military', ' Sci-Fi', ' Mecha']"
365,Mobile Suit Gundam F91,Mobile Suit Gundam Wing: Endless Waltz,4,"[' Space', ' Military', ' Sci-Fi', ' Mecha']"
366,Mobile Suit Gundam F91,Mobile Suit Gundam Wing,4,"[' Space', ' Military', ' Sci-Fi', ' Mecha']"
367,Mobile Suit Gundam F91,Mobile Suit Victory Gundam,5,"['Drama', ' Sci-Fi', ' Mecha', ' Space', ' Military']"
368,Mobile Suit Victory Gundam,Turn A Gundam,4,"[' Space', ' Military', ' Sci-Fi', ' Mecha']"
369,Mobile Suit Victory Gundam,Mobile Suit Gundam SEED Destiny,4,"[' Space', ' Military', ' Sci-Fi', ' Mecha']"
370,Mobile Suit Victory Gundam,Mobile Suit Gundam SEED,4,"[' Space', ' Military', ' Sci-Fi', ' Mecha']"
371,Mobile Suit Victory Gundam,Mobile Suit Gundam Wing: Endless Waltz,4,"[' Space', ' Military', ' Sci-Fi', ' Mecha']"
372,Mobile Suit Victory Gundam,Mobile Suit Gundam Wing,4,"[' Space', ' Military', ' Sci-Fi', ' Mecha']"
373,Mobile Suit Gundam Wing,Strange Dawn,4,"[' Drama', 'Action', ' Sci-Fi', ' Space']"
374,Mobile Suit Gundam Wing,RahXephon,4,"[' Drama', 'Action', ' Sci-Fi', ' Mecha']"
375,Mobile Suit Gundam Wing,Gunslinger Girl,4,"[' Drama', 'Action', ' Sci-Fi', ' Military']"
376,Mobile Suit Gundam Wing,Gate Keepers 21,4,"[' Drama', 'Action', ' Sci-Fi', ' Mecha']"
377,Mobile Suit Gundam Wing,Uchuu no Stellvia,4,"[' Space', 'Action', ' Sci-Fi', ' Mecha']"
378,Mobile Suit Gundam Wing,Mobile Fighter G Gundam,4,"[' Drama', ' Sci-Fi', ' Space', ' Mecha']"
379,Mobile Suit Gundam Wing,Turn A Gundam,6,"[' Drama', 'Action', ' Sci-Fi', ' Mecha', ' Space', ' Military']"
380,Mobile Suit Gundam Wing,Mobile Suit Gundam SEED Destiny,6,"[' Drama', 'Action', ' Sci-Fi', ' Mecha', ' Space', ' Military']"
381,Mobile Suit Gundam Wing,Mobile Suit Gundam SEED,6,"[' Drama', 'Action', ' Sci-Fi', ' Mecha', ' Space', ' Military']"
382,Mobile Suit Gundam Wing,Mobile Suit Gundam Wing: Endless Waltz,6,"[' Drama', 'Action', ' Sci-Fi', ' Mecha', ' Space', ' Military']"
383,Mobile Suit Gundam Wing: Endless Waltz,Strange Dawn,4,"[' Drama', 'Action', ' Sci-Fi', ' Space']"
384,Mobile Suit Gundam Wing: Endless Waltz,RahXephon,4,"[' Drama', 'Action', ' Sci-Fi', ' Mecha']"
385,Mobile Suit Gundam Wing: Endless Waltz,Gunslinger Girl,4,"[' Drama', 'Action', ' Sci-Fi', ' Military']"
386,Mobile Suit Gundam Wing: Endless Waltz,Gate Keepers 21,4,"[' Drama', 'Action', ' Sci-Fi', ' Mecha']"
387,Mobile Suit Gundam Wing: Endless Waltz,Uchuu no Stellvia,4,"[' Space', 'Action', ' Sci-Fi', ' Mecha']"
388,Mobile Suit Gundam Wing: Endless Waltz,Mobile Fighter G Gundam,4,"[' Drama', ' Sci-Fi', ' Space', ' Mecha']"
389,Mobile Suit Gundam Wing: Endless Waltz,Turn A Gundam,6,"[' Drama', 'Action', ' Sci-Fi', ' Mecha', ' Space', ' Military']"
390,Mobile Suit Gundam Wing: Endless Waltz,Mobile Suit Gundam SEED Destiny,6,"[' Drama', 'Action', ' Sci-Fi', ' Mecha', ' Space', ' Military']"
391,Mobile Suit Gundam Wing: Endless Waltz,Mobile Suit Gundam SEED,6,"[' Drama', 'Action', ' Sci-Fi', ' Mecha', ' Space', ' Military']"
392,After War Gundam X,Scrapped Princess,4,"[' Drama', ' Adventure', 'Sci-Fi', ' Mecha']"
393,After War Gundam X,Turn A Gundam,4,"[' Drama', ' Adventure', ' Space', ' Mecha']"
394,Mobile Suit Gundam SEED,Strange Dawn,4,"[' Drama', 'Action', ' Sci-Fi', ' Space']"
395,Mobile Suit Gundam SEED,RahXephon,5,"[' Drama', 'Action', ' Sci-Fi', ' Mecha', ' Romance']"
396,Mobile Suit Gundam SEED,Gunslinger Girl,4,"[' Drama', 'Action', ' Sci-Fi', ' Military']"
397,Mobile Suit Gundam SEED,Gate Keepers 21,4,"[' Drama', 'Action', ' Sci-Fi', ' Mecha']"
398,Mobile Suit Gundam SEED,Uchuu no Stellvia,5,"['Action', ' Sci-Fi', ' Mecha', ' Space', ' Romance']"
399,Mobile Suit Gundam SEED,Mai-HiME,4,"[' Drama', 'Action', ' Romance', ' Mecha']"
400,Mobile Suit Gundam SEED,Mobile Fighter G Gundam,5,"[' Drama', ' Sci-Fi', ' Mecha', ' Space', ' Romance']"
401,Mobile Suit Gundam SEED,Turn A Gundam,7,"[' Drama', 'Action', ' Sci-Fi', ' Mecha', ' Space', ' Military', ' Romance']"
402,Mobile Suit Gundam SEED,Mobile Suit Gundam SEED Destiny,7,"[' Drama', 'Action', ' Sci-Fi', ' Mecha', ' Space', ' Military', ' Romance']"
403,Mobile Suit Gundam SEED Destiny,Strange Dawn,4,"[' Drama', 'Action', ' Sci-Fi', ' Space']"
404,Mobile Suit Gundam SEED Destiny,RahXephon,5,"[' Drama', 'Action', ' Sci-Fi', ' Mecha', ' Romance']"
405,Mobile Suit Gundam SEED Destiny,Gunslinger Girl,4,"[' Drama', 'Action', ' Sci-Fi', ' Military']"
406,Mobile Suit Gundam SEED Destiny,Gate Keepers 21,4,"[' Drama', 'Action', ' Sci-Fi', ' Mecha']"
407,Mobile Suit Gundam SEED Destiny,Uchuu no Stellvia,5,"['Action', ' Sci-Fi', ' Mecha', ' Space', ' Romance']"
408,Mobile Suit Gundam SEED Destiny,Mai-HiME,4,"[' Drama', 'Action', ' Romance', ' Mecha']"
409,Mobile Suit Gundam SEED Destiny,Mobile Fighter G Gundam,5,"[' Drama', ' Sci-Fi', ' Mecha', ' Space', ' Romance']"
410,Mobile Suit Gundam SEED Destiny,Turn A Gundam,7,"[' Drama', 'Action', ' Sci-Fi', ' Mecha', ' Space', ' Military', ' Romance']"
411,Turn A Gundam,Strange Dawn,5,"[' Drama', 'Action', ' Sci-Fi', ' Space', ' Adventure']"
412,Turn A Gundam,s.CRY.ed,4,"[' Drama', 'Action', ' Sci-Fi', ' Adventure']"
413,Turn A Gundam,RahXephon,5,"[' Drama', 'Action', ' Sci-Fi', ' Mecha', ' Romance']"
414,Turn A Gundam,Gunslinger Girl,4,"[' Drama', 'Action', ' Sci-Fi', ' Military']"
415,Turn A Gundam,Gate Keepers 21,4,"[' Drama', 'Action', ' Sci-Fi', ' Mecha']"
416,Turn A Gundam,Fullmetal Alchemist,4,"[' Drama', 'Action', ' Adventure', ' Military']"
417,Turn A Gundam,Uchuu no Stellvia,5,"['Action', ' Sci-Fi', ' Mecha', ' Space', ' Romance']"
418,Turn A Gundam,Mai-HiME,4,"[' Drama', 'Action', ' Romance', ' Mecha']"
419,Turn A Gundam,Mobile Fighter G Gundam,5,"[' Drama', ' Sci-Fi', ' Mecha', ' Space', ' Romance']"
420,Mobile Fighter G Gundam,Strange Dawn,4,"[' Drama', ' Comedy', ' Sci-Fi', ' Space']"
421,Mobile Fighter G Gundam,RahXephon,4,"[' Drama', ' Romance', ' Sci-Fi', ' Mecha']"
422,Mobile Fighter G Gundam,Boukyaku no Senritsu,4,"[' Space', 'Adventure', ' Sci-Fi', ' Mecha']"
423,Mobile Fighter G Gundam,Kamikaze Kaitou Jeanne,4,"[' Drama', 'Adventure', ' Romance', ' Comedy']"
424,Mobile Fighter G Gundam,Fushigi Yuugi,5,"[' Drama', 'Adventure', ' Comedy', ' Romance', ' Martial Arts']"
425,Mobile Fighter G Gundam,Uchuu no Stellvia,4,"[' Space', ' Romance', ' Sci-Fi', ' Mecha']"
426,Mobile Fighter G Gundam,Bakuretsu Tenshi,4,"['Adventure', ' Sci-Fi', ' Comedy', ' Mecha']"
427,Mobile Fighter G Gundam,Ayashi no Ceres,4,"[' Drama', 'Adventure', ' Romance', ' Comedy']"
428,Mobile Fighter G Gundam,Mai-HiME,4,"[' Drama', ' Romance', ' Comedy', ' Mecha']"
429,Mai-HiME,Scrapped Princess,4,"[' Drama', ' Fantasy', ' Comedy', ' Mecha']"
430,Mai-HiME,RahXephon,4,"[' Drama', 'Action', ' Romance', ' Mecha']"
431,Mai-HiME,Mahou Sensei Negima!,4,"[' School', ' Fantasy', ' Magic', ' Romance']"
432,Mai-HiME,X,5,"[' Drama', 'Action', ' Fantasy', ' Magic', ' Romance']"
433,Mai-HiME,X/1999,4,"[' Drama', 'Action', ' Magic', ' Fantasy']"
434,Mai-HiME,Loveless,4,"[' Drama', 'Action', ' Romance', ' Fantasy']"
435,Mai-HiME,Kono Minikuku mo Utsukushii Sekai,4,"[' Drama', ' Magic', ' Romance', ' Comedy']"
436,Mai-HiME,Kannazuki no Miko,5,"[' Drama', ' Mecha', ' Shoujo Ai', ' Magic', ' Romance']"
437,Mai-HiME,Kamikaze Kaitou Jeanne,5,"[' Drama', ' Fantasy', ' Comedy', ' Magic', ' Romance']"
438,Mai-HiME,Gate Keepers,4,"['Action', ' Fantasy', ' Comedy', ' Mecha']"
439,Mai-HiME,Fushigi Yuugi,5,"[' Drama', ' Fantasy', ' Comedy', ' Magic', ' Romance']"
440,Mai-HiME,Fullmetal Alchemist,5,"[' Drama', 'Action', ' Fantasy', ' Comedy', ' Magic']"
441,Mai-HiME,Chou Henshin Cosprayers,4,"['Action', ' Magic', ' Comedy', ' Fantasy']"
442,Mai-HiME,Akazukin Chacha,4,"[' Fantasy', ' Magic', ' Romance', ' Comedy']"
443,Mai-HiME,Shin Shirayuki-hime Densetsu Prétear,4,"[' Drama', ' Fantasy', ' Magic', ' Romance']"
444,Mai-Otome,Shin Shirayuki-hime Densetsu Prétear,4,"[' Drama', 'Comedy', ' Magic', ' Fantasy']"
445,Shin Shirayuki-hime Densetsu Prétear,Mahou Sensei Negima!,5,"[' Super Power', 'Comedy', ' Fantasy', ' Magic', ' Romance']"
446,Shin Shirayuki-hime Densetsu Prétear,X,6,"[' Drama', ' Super Power', ' Fantasy', ' Magic', ' Romance', ' Shoujo']"
447,Shin Shirayuki-hime Densetsu Prétear,Kareshi Kanojo no Jijou,4,"[' Drama', 'Comedy', ' Romance', ' Shoujo']"
448,Shin Shirayuki-hime Densetsu Prétear,Kamikaze Kaitou Jeanne,5,"[' Drama', ' Fantasy', ' Magic', ' Romance', ' Shoujo']"
449,Shin Shirayuki-hime Densetsu Prétear,Fushigi Yuugi: Eikouden,4,"[' Drama', ' Fantasy', ' Romance', ' Shoujo']"
450,Shin Shirayuki-hime Densetsu Prétear,Fushigi Yuugi,5,"[' Drama', ' Fantasy', ' Magic', ' Romance', ' Shoujo']"
451,Shin Shirayuki-hime Densetsu Prétear,Akazukin Chacha,4,"[' Fantasy', ' Magic', ' Romance', ' Shoujo']"
452,Shin Shirayuki-hime Densetsu Prétear,Aishiteruze Baby★★,4,"[' Drama', 'Comedy', ' Romance', ' Shoujo']"
453,Air,Fruits Basket,4,"[' Drama', ' Romance', 'Slice of Life', ' Supernatural']"
454,Aishiteruze Baby★★,Kareshi Kanojo no Jijou,4,"[' Drama', 'Comedy', ' Romance', ' Shoujo']"
455,Akazukin Chacha,X,4,"[' Fantasy', ' Magic', ' Romance', ' Shoujo']"
456,Akazukin Chacha,Kamikaze Kaitou Jeanne,6,"['Adventure', ' Fantasy', ' Comedy', ' Magic', ' Romance', ' Shoujo']"
457,Akazukin Chacha,Fushigi Yuugi: Eikouden,4,"['Adventure', ' Shoujo', ' Romance', ' Fantasy']"
458,Akazukin Chacha,Fushigi Yuugi,6,"['Adventure', ' Fantasy', ' Comedy', ' Magic', ' Romance', ' Shoujo']"
459,Akazukin Chacha,El Hazard: The Magnificent World,4,"['Adventure', ' Romance', ' Comedy', ' Fantasy']"
460,Akazukin Chacha,El Hazard: The Wanderers,4,"['Adventure', ' Romance', ' Comedy', ' Fantasy']"
461,Akazukin Chacha,Ayashi no Ceres,4,"['Adventure', ' Romance', ' Comedy', ' Shoujo']"
462,Ayashi no Ceres,Boukyaku no Senritsu,4,"[' Psychological', 'Adventure', ' Horror', ' Supernatural']"
463,Ayashi no Ceres,Kamikaze Kaitou Jeanne,5,"[' Drama', 'Adventure', ' Comedy', ' Romance', ' Shoujo']"
464,Ayashi no Ceres,Fushigi Yuugi: Eikouden,4,"[' Drama', 'Adventure', ' Romance', ' Shoujo']"
465,Ayashi no Ceres,Fushigi Yuugi,5,"[' Drama', 'Adventure', ' Comedy', ' Romance', ' Shoujo']"
466,Ayashi no Ceres,Full Moon wo Sagashite,5,"[' Drama', ' Comedy', ' Supernatural', ' Romance', ' Shoujo']"
467,Ayashi no Ceres,Fruits Basket,5,"[' Drama', ' Comedy', ' Supernatural', ' Romance', ' Shoujo']"
468,Ou Dorobou Jing,Power Stone,4,"['Adventure', ' Shounen', ' Comedy', ' Fantasy']"
469,Ou Dorobou Jing,Boukyaku no Senritsu,4,"['Adventure', ' Sci-Fi', ' Shounen', ' Fantasy']"
470,Ou Dorobou Jing,Gate Keepers,4,"[' Fantasy', ' Comedy', ' Sci-Fi', ' Shounen']"
471,Ou Dorobou Jing,Ou Dorobou Jing in Seventh Heaven,4,"['Adventure', ' Shounen', ' Comedy', ' Fantasy']"
472,Ou Dorobou Jing in Seventh Heaven,Power Stone,4,"['Adventure', ' Shounen', ' Comedy', ' Fantasy']"
473,Ou Dorobou Jing in Seventh Heaven,Boukyaku no Senritsu,4,"[' Psychological', 'Adventure', ' Shounen', ' Fantasy']"
474,Chuuka Ichiban!,GetBackers,4,"[' Drama', 'Action', ' Comedy', ' Shounen']"
475,Chuuka Ichiban!,Gensoumaden Saiyuuki,4,"[' Drama', 'Action', ' Comedy', ' Shounen']"
476,Chuuka Ichiban!,Fullmetal Alchemist,4,"[' Drama', 'Action', ' Comedy', ' Shounen']"
477,Chou Henshin Cosprayers,Strange Dawn,4,"['Action', ' Sci-Fi', ' Comedy', ' Adventure']"
478,Chou Henshin Cosprayers,s.CRY.ed,4,"['Action', ' Super Power', ' Sci-Fi', ' Adventure']"
479,Chou Henshin Cosprayers,Mahou Sensei Negima!,4,"[' Super Power', ' Magic', ' Ecchi', ' Fantasy']"
480,Chou Henshin Cosprayers,X,4,"['Action', ' Super Power', ' Magic', ' Fantasy']"
481,Chou Henshin Cosprayers,X/1999,4,"['Action', ' Magic', ' Sci-Fi', ' Fantasy']"
482,Chou Henshin Cosprayers,Shaman King,4,"['Action', ' Super Power', ' Comedy', ' Adventure']"
483,Chou Henshin Cosprayers,Juuni Kokuki,4,"['Action', ' Adventure', ' Magic', ' Fantasy']"
484,Chou Henshin Cosprayers,Re: Cutey Honey,4,"['Action', ' Sci-Fi', ' Ecchi', ' Comedy']"
485,Chou Henshin Cosprayers,Hunter x Hunter: Greed Island Final,4,"['Action', ' Adventure', ' Super Power', ' Fantasy']"
486,Chou Henshin Cosprayers,Hunter x Hunter: Greed Island,4,"['Action', ' Adventure', ' Super Power', ' Fantasy']"
487,Chou Henshin Cosprayers,Hunter x Hunter,4,"['Action', ' Adventure', ' Super Power', ' Fantasy']"
488,Chou Henshin Cosprayers,Gate Keepers,4,"['Action', ' Sci-Fi', ' Comedy', ' Fantasy']"
489,Chou Henshin Cosprayers,Fullmetal Alchemist,5,"['Action', ' Fantasy', ' Comedy', ' Magic', ' Adventure']"
490,Uchuu no Stellvia,RahXephon,4,"['Action', ' Romance', ' Sci-Fi', ' Mecha']"
491,El Hazard: The Wanderers,Kamikaze Kaitou Jeanne,4,"['Adventure', ' Romance', ' Comedy', ' Fantasy']"
492,El Hazard: The Wanderers,Fushigi Yuugi,4,"['Adventure', ' Romance', ' Comedy', ' Fantasy']"
493,El Hazard: The Wanderers,El Hazard: The Magnificent World,4,"['Adventure', ' Romance', ' Comedy', ' Fantasy']"
494,El Hazard: The Magnificent World,Kamikaze Kaitou Jeanne,4,"['Adventure', ' Romance', ' Comedy', ' Fantasy']"
495,El Hazard: The Magnificent World,Fushigi Yuugi,4,"['Adventure', ' Romance', ' Comedy', ' Fantasy']"
496,Final Approach,Kareshi Kanojo no Jijou,4,"[' Drama', 'Comedy', ' Slice of Life', ' Romance']"
497,Fruits Basket,Maria-sama ga Miteru,4,"[' Drama', ' Shoujo', ' Romance', 'Slice of Life']"
498,Fruits Basket,Kamikaze Kaitou Jeanne,4,"[' Drama', ' Romance', ' Comedy', ' Shoujo']"
499,Fruits Basket,Fushigi Yuugi,4,"[' Drama', ' Romance', ' Comedy', ' Shoujo']"
500,Fruits Basket,Full Moon wo Sagashite,5,"[' Drama', ' Comedy', ' Supernatural', ' Romance', ' Shoujo']"
501,Fullmetal Alchemist,Strange Dawn,4,"[' Drama', 'Action', ' Comedy', ' Adventure']"
502,Fullmetal Alchemist,Scrapped Princess,5,"[' Drama', ' Shounen', ' Fantasy', ' Comedy', ' Adventure']"
503,Fullmetal Alchemist,X,4,"[' Drama', 'Action', ' Magic', ' Fantasy']"
504,Fullmetal Alchemist,X/1999,4,"[' Drama', 'Action', ' Magic', ' Fantasy']"
505,Fullmetal Alchemist,Shaman King,4,"['Action', ' Shounen', ' Comedy', ' Adventure']"
506,Fullmetal Alchemist,Juuni Kokuki,4,"['Action', ' Adventure', ' Magic', ' Fantasy']"
507,Fullmetal Alchemist,Kamikaze Kaitou Jeanne,4,"[' Drama', ' Fantasy', ' Magic', ' Comedy']"
508,Fullmetal Alchemist,Hunter x Hunter: Greed Island Final,4,"['Action', ' Adventure', ' Shounen', ' Fantasy']"
509,Fullmetal Alchemist,Hunter x Hunter: Greed Island,4,"['Action', ' Adventure', ' Shounen', ' Fantasy']"
510,Fullmetal Alchemist,Hunter x Hunter,4,"['Action', ' Adventure', ' Shounen', ' Fantasy']"
511,Fullmetal Alchemist,GetBackers,4,"[' Drama', 'Action', ' Shounen', ' Comedy']"
512,Fullmetal Alchemist,Saiyuuki Reload Gunlock,4,"[' Drama', 'Action', ' Comedy', ' Adventure']"
513,Fullmetal Alchemist,Saiyuuki Reload,4,"[' Drama', 'Action', ' Comedy', ' Adventure']"
514,Fullmetal Alchemist,Gensoumaden Saiyuuki,5,"[' Drama', 'Action', ' Shounen', ' Comedy', ' Adventure']"
515,Fullmetal Alchemist,Gate Keepers,4,"['Action', ' Shounen', ' Comedy', ' Fantasy']"
516,Fullmetal Alchemist,Fushigi Yuugi,4,"[' Drama', ' Fantasy', ' Magic', ' Comedy']"
517,Full Moon wo Sagashite,Kamikaze Kaitou Jeanne,4,"[' Drama', ' Romance', ' Comedy', ' Shoujo']"
518,Full Moon wo Sagashite,Fushigi Yuugi,4,"[' Drama', ' Romance', ' Comedy', ' Shoujo']"
519,Fushigi Yuugi,Power Stone,4,"['Adventure', ' Historical', ' Comedy', ' Fantasy']"
520,Fushigi Yuugi,X,5,"[' Drama', ' Fantasy', ' Magic', ' Romance', ' Shoujo']"
521,Fushigi Yuugi,Kono Minikuku mo Utsukushii Sekai,4,"[' Drama', ' Magic', ' Romance', ' Comedy']"
522,Fushigi Yuugi,Kamikaze Kaitou Jeanne,7,"[' Drama', 'Adventure', ' Fantasy', ' Comedy', ' Magic', ' Romance', ' Shoujo']"
523,Fushigi Yuugi,Fushigi Yuugi: Eikouden,5,"[' Drama', 'Adventure', ' Fantasy', ' Romance', ' Shoujo']"
524,Fushigi Yuugi: Eikouden,X,4,"[' Drama', ' Fantasy', ' Romance', ' Shoujo']"
525,Fushigi Yuugi: Eikouden,Kamikaze Kaitou Jeanne,5,"[' Drama', 'Adventure', ' Fantasy', ' Romance', ' Shoujo']"
526,Gate Keepers,Scrapped Princess,4,"[' Fantasy', ' Shounen', ' Comedy', ' Mecha']"
527,Gate Keepers,Boukyaku no Senritsu,4,"[' Fantasy', ' Sci-Fi', ' Shounen', ' Mecha']"
528,Gate Keepers,Gate Keepers 21,4,"['Action', ' Sci-Fi', ' Shounen', ' Mecha']"
529,Gate Keepers 21,RahXephon,4,"[' Drama', 'Action', ' Sci-Fi', ' Mecha']"
530,Gensoumaden Saiyuuki,Strange Dawn,4,"[' Drama', 'Action', ' Comedy', ' Adventure']"
531,Gensoumaden Saiyuuki,Scrapped Princess,4,"[' Drama', ' Shounen', ' Comedy', ' Adventure']"
532,Gensoumaden Saiyuuki,Shaman King,5,"['Action', ' Shounen', ' Comedy', ' Supernatural', ' Adventure']"
533,Gensoumaden Saiyuuki,GetBackers,5,"[' Drama', 'Action', ' Shounen', ' Comedy', ' Supernatural']"
534,Gensoumaden Saiyuuki,Saiyuuki Reload Gunlock,6,"[' Drama', 'Action', ' Demons', ' Comedy', ' Supernatural', ' Adventure']"
535,Gensoumaden Saiyuuki,Saiyuuki Reload,6,"[' Drama', 'Action', ' Demons', ' Comedy', ' Supernatural', ' Adventure']"
536,Saiyuuki Reload,Strange Dawn,4,"[' Drama', 'Action', ' Comedy', ' Adventure']"
537,Saiyuuki Reload,Shaman King,4,"['Action', ' Adventure', ' Comedy', ' Supernatural']"
538,Saiyuuki Reload,Loveless,4,"[' Drama', 'Action', ' Josei', ' Supernatural']"
539,Saiyuuki Reload,GetBackers,4,"[' Drama', 'Action', ' Comedy', ' Supernatural']"
540,Saiyuuki Reload,Saiyuuki Reload Gunlock,7,"[' Drama', 'Action', ' Josei', ' Demons', ' Comedy', ' Supernatural', ' Adventure']"
541,Saiyuuki Reload Gunlock,Strange Dawn,4,"[' Drama', 'Action', ' Comedy', ' Adventure']"
542,Saiyuuki Reload Gunlock,Shaman King,4,"['Action', ' Adventure', ' Comedy', ' Supernatural']"
543,Saiyuuki Reload Gunlock,Loveless,4,"[' Drama', 'Action', ' Josei', ' Supernatural']"
544,Saiyuuki Reload Gunlock,GetBackers,4,"[' Drama', 'Action', ' Comedy', ' Supernatural']"
545,GetBackers,Shingetsutan Tsukihime,4,"['Action', ' Super Power', ' Mystery', ' Supernatural']"
546,GetBackers,Shaman King,5,"['Action', ' Super Power', ' Shounen', ' Comedy', ' Supernatural']"
547,GetBackers,Blood+,4,"[' Drama', 'Action', ' Mystery', ' Supernatural']"
548,GetBackers,Loveless,4,"[' Drama', 'Action', ' Mystery', ' Supernatural']"
549,Green Green,Mahou Sensei Negima!,4,"[' School', 'Comedy', ' Romance', ' Ecchi']"
550,Green Green,Kareshi Kanojo no Jijou,4,"[' School', 'Comedy', ' Slice of Life', ' Romance']"
551,Gunslinger Girl,RahXephon,4,"[' Drama', 'Action', ' Sci-Fi', ' Psychological']"
552,Hunter x Hunter,Shaman King,4,"['Action', ' Super Power', ' Shounen', ' Adventure']"
553,Hunter x Hunter,Hunter x Hunter: Greed Island Final,5,"['Action', ' Super Power', ' Shounen', ' Fantasy', ' Adventure']"
554,Hunter x Hunter,Hunter x Hunter: Greed Island,5,"['Action', ' Super Power', ' Shounen', ' Fantasy', ' Adventure']"
555,Hunter x Hunter,Hunter x Hunter: Original Video Animation,4,"['Action', ' Super Power', ' Shounen', ' Adventure']"
556,Hunter x Hunter: Original Video Animation,Shaman King,4,"['Action', ' Super Power', ' Shounen', ' Adventure']"
557,Hunter x Hunter: Original Video Animation,Hunter x Hunter: Greed Island Final,4,"['Action', ' Super Power', ' Shounen', ' Adventure']"
558,Hunter x Hunter: Original Video Animation,Hunter x Hunter: Greed Island,4,"['Action', ' Super Power', ' Shounen', ' Adventure']"
559,Hunter x Hunter: Greed Island,Shaman King,4,"['Action', ' Super Power', ' Shounen', ' Adventure']"
560,Hunter x Hunter: Greed Island,Hunter x Hunter: Greed Island Final,5,"['Action', ' Super Power', ' Shounen', ' Fantasy', ' Adventure']"
561,Hunter x Hunter: Greed Island Final,Shaman King,4,"['Action', ' Super Power', ' Shounen', ' Adventure']"
562,Kamikaze Kaitou Jeanne,X,5,"[' Drama', ' Fantasy', ' Magic', ' Romance', ' Shoujo']"
563,Kamikaze Kaitou Jeanne,Loveless,4,"[' Drama', ' Fantasy', ' Mystery', ' Romance']"
564,Kamikaze Kaitou Jeanne,Kono Minikuku mo Utsukushii Sekai,4,"[' Drama', ' Magic', ' Romance', ' Comedy']"
565,Loveless,Shingetsutan Tsukihime,4,"['Action', ' Mystery', ' Romance', ' Supernatural']"
566,Loveless,RahXephon,4,"[' Drama', 'Action', ' Mystery', ' Romance']"
567,Loveless,X,4,"[' Drama', 'Action', ' Romance', ' Fantasy']"
568,Loveless,X/1999,4,"[' Drama', 'Action', ' Supernatural', ' Fantasy']"
569,Loveless,Blood+,4,"[' Drama', 'Action', ' Mystery', ' Supernatural']"
570,Blood+,Shingetsutan Tsukihime,5,"['Action', ' Mystery', ' Supernatural', ' Vampire', ' Horror']"
571,Blood+,X/1999,4,"[' Drama', 'Action', ' Horror', ' Supernatural']"
572,Juuni Kokuki,X/1999,4,"['Action', ' Magic', ' Supernatural', ' Fantasy']"
573,X/1999,Boukyaku no Senritsu,4,"[' Fantasy', ' Horror', ' Sci-Fi', ' Supernatural']"
574,X/1999,X,4,"[' Drama', 'Action', ' Magic', ' Fantasy']"
575,X,Mahou Sensei Negima!,4,"[' Super Power', ' Magic', ' Romance', ' Fantasy']"
576,Mahou Sensei Negima!,Pita Ten,5,"[' School', 'Comedy', ' Shounen', ' Fantasy', ' Romance']"
577,s.CRY.ed,Strange Dawn,4,"[' Drama', 'Action', ' Sci-Fi', ' Adventure']"
