,Nompremier,Nomdeux,Score,Genre
0,['Cowboy Bebop'],['Fruits Basket'],6,"[' Adventure', ' Comedy', ' Space', ' Sci-Fi', ' Drama', 'Action']"
1,['Cowboy Bebop'],['Chou Henshin Cosprayers'],4,"[' Sci-Fi', 'Action', ' Adventure', ' Comedy']"
2,['Cowboy Bebop'],['Mobile Fighter G Gundam'],4,"[' Space', ' Drama', ' Sci-Fi', ' Comedy']"
3,['Cowboy Bebop'],['Turn A Gundam'],5,"[' Adventure', ' Space', ' Sci-Fi', ' Drama', 'Action']"
4,['Cowboy Bebop'],['Mobile Suit Gundam SEED Destiny'],4,"[' Space', 'Action', ' Drama', ' Sci-Fi']"
5,['Cowboy Bebop'],['Mobile Suit Gundam SEED'],4,"[' Space', 'Action', ' Drama', ' Sci-Fi']"
6,['Cowboy Bebop'],['Mobile Suit Gundam Wing: Endless Waltz'],4,"[' Space', 'Action', ' Drama', ' Sci-Fi']"
7,['Cowboy Bebop'],['Mobile Suit Gundam Wing'],4,"[' Space', 'Action', ' Drama', ' Sci-Fi']"
8,['Cowboy Bebop'],['Mobile Suit Gundam 0083: Stardust Memory'],4,"[' Space', ' Drama', ' Adventure', ' Sci-Fi']"
9,['Cowboy Bebop'],['Sunabouzu'],4,"[' Sci-Fi', 'Action', ' Adventure', ' Comedy']"
10,['Cowboy Bebop'],['One Piece'],4,"['Action', ' Drama', ' Adventure', ' Comedy']"
11,['Cowboy Bebop'],['Trigun'],5,"[' Adventure', ' Comedy', ' Sci-Fi', ' Drama', 'Action']"
12,['Cowboy Bebop'],['Cowboy Bebop: Tengoku no Tobira'],4,"[' Space', 'Action', ' Drama', ' Sci-Fi']"
13,['Cowboy Bebop: Tengoku no Tobira'],['Fruits Basket'],4,"[' Space', 'Action', ' Drama', ' Sci-Fi']"
14,['Cowboy Bebop: Tengoku no Tobira'],['Turn A Gundam'],4,"[' Space', 'Action', ' Drama', ' Sci-Fi']"
15,['Cowboy Bebop: Tengoku no Tobira'],['Mobile Suit Gundam SEED Destiny'],4,"[' Space', 'Action', ' Drama', ' Sci-Fi']"
16,['Cowboy Bebop: Tengoku no Tobira'],['Mobile Suit Gundam SEED'],4,"[' Space', 'Action', ' Drama', ' Sci-Fi']"
17,['Cowboy Bebop: Tengoku no Tobira'],['Mobile Suit Gundam Wing: Endless Waltz'],4,"[' Space', 'Action', ' Drama', ' Sci-Fi']"
18,['Cowboy Bebop: Tengoku no Tobira'],['Mobile Suit Gundam Wing'],4,"[' Space', 'Action', ' Drama', ' Sci-Fi']"
19,['Trigun'],['Fruits Basket'],5,"[' Adventure', ' Comedy', ' Sci-Fi', ' Drama', 'Action']"
20,['Trigun'],['Chou Henshin Cosprayers'],4,"[' Sci-Fi', 'Action', ' Adventure', ' Comedy']"
21,['Trigun'],['Chuuka Ichiban!'],4,"['Action', ' Shounen', ' Drama', ' Comedy']"
22,['Trigun'],['Turn A Gundam'],4,"[' Sci-Fi', ' Drama', ' Adventure', 'Action']"
23,['Trigun'],['Appleseed (Movie)'],4,"[' Sci-Fi', ' Shounen', ' Drama', 'Action']"
24,['Trigun'],['Rurouni Kenshin: Meiji Kenkaku Romantan'],4,"[' Shounen', 'Action', ' Adventure', ' Comedy']"
25,['Trigun'],['Sunabouzu'],5,"[' Shounen', ' Adventure', ' Comedy', ' Sci-Fi', 'Action']"
26,['Trigun'],['One Piece'],5,"[' Shounen', ' Adventure', ' Comedy', ' Drama', 'Action']"
27,['Trigun'],['Naruto'],4,"[' Shounen', 'Action', ' Adventure', ' Comedy']"
28,['Eyeshield 21'],['Tennis no Ouji-sama'],4,"[' Sports', ' Shounen', 'Action', ' Comedy']"
29,['Hachimitsu to Clover'],['Final Approach'],4,"[' Slice of Life', ' Romance', ' Drama', 'Comedy']"
30,['Naruto'],['Chou Henshin Cosprayers'],4,"[' Super Power', 'Action', ' Adventure', ' Comedy']"
31,['Naruto'],['Black Cat (TV)'],4,"[' Super Power', ' Shounen', ' Adventure', ' Comedy']"
32,['Naruto'],['Rurouni Kenshin: Meiji Kenkaku Romantan'],4,"[' Shounen', 'Action', ' Adventure', ' Comedy']"
33,['Naruto'],['Sunabouzu'],4,"[' Shounen', 'Action', ' Adventure', ' Comedy']"
34,['Naruto'],['One Piece'],5,"[' Super Power', ' Shounen', ' Adventure', ' Comedy', 'Action']"
35,['One Piece'],['Fruits Basket'],4,"['Action', ' Drama', ' Adventure', ' Comedy']"
36,['One Piece'],['Chou Henshin Cosprayers'],5,"[' Super Power', ' Fantasy', ' Adventure', ' Comedy', 'Action']"
37,['One Piece'],['Chuuka Ichiban!'],4,"['Action', ' Shounen', ' Drama', ' Comedy']"
38,['One Piece'],['Mai-HiME'],4,"['Action', ' Drama', ' Fantasy', ' Comedy']"
39,['One Piece'],"[""Mahou Shoujo Lyrical Nanoha A's""]",4,"[' Super Power', 'Action', ' Drama', ' Comedy']"
40,['One Piece'],['Mahou Shoujo Lyrical Nanoha'],4,"[' Super Power', 'Action', ' Drama', ' Comedy']"
41,['One Piece'],['Black Cat (TV)'],4,"[' Super Power', ' Shounen', ' Adventure', ' Comedy']"
42,['One Piece'],['Rurouni Kenshin: Meiji Kenkaku Romantan'],4,"[' Shounen', 'Action', ' Adventure', ' Comedy']"
43,['One Piece'],['Kenpuu Denki Berserk'],4,"[' Drama', ' Fantasy', ' Adventure', 'Action']"
44,['One Piece'],['Sunabouzu'],4,"[' Shounen', 'Action', ' Adventure', ' Comedy']"
45,['Sunabouzu'],['Fruits Basket'],4,"[' Sci-Fi', 'Action', ' Adventure', ' Comedy']"
46,['Sunabouzu'],['Chou Henshin Cosprayers'],5,"[' Adventure', ' Ecchi', ' Comedy', ' Sci-Fi', 'Action']"
47,['Sunabouzu'],['Rurouni Kenshin: Meiji Kenkaku Romantan'],4,"[' Shounen', 'Action', ' Adventure', ' Comedy']"
48,['Texhnolyze'],['Neon Genesis Evangelion'],4,"[' Sci-Fi', ' Drama', ' Psychological', 'Action']"
49,['Zipang'],['Turn A Gundam'],4,"[' Sci-Fi', ' Military', ' Drama', 'Action']"
50,['Zipang'],['Mobile Suit Gundam SEED Destiny'],4,"[' Sci-Fi', ' Military', ' Drama', 'Action']"
51,['Zipang'],['Mobile Suit Gundam SEED'],4,"[' Sci-Fi', ' Military', ' Drama', 'Action']"
52,['Zipang'],['Mobile Suit Gundam Wing: Endless Waltz'],4,"[' Sci-Fi', ' Military', ' Drama', 'Action']"
53,['Zipang'],['Mobile Suit Gundam Wing'],4,"[' Sci-Fi', ' Military', ' Drama', 'Action']"
54,['Zipang'],['Soukyuu no Fafner: Dead Aggressor'],4,"[' Sci-Fi', ' Military', ' Drama', 'Action']"
55,['Zipang'],['Appleseed (Movie)'],4,"[' Sci-Fi', ' Military', ' Drama', 'Action']"
56,['Zipang'],['Akira'],4,"[' Sci-Fi', ' Military', ' Seinen', 'Action']"
57,['Zipang'],['Kenpuu Denki Berserk'],4,"[' Military', ' Drama', ' Seinen', 'Action']"
58,['Neon Genesis Evangelion'],['Turn A Gundam'],4,"[' Sci-Fi', ' Mecha', ' Drama', 'Action']"
59,['Neon Genesis Evangelion'],['Mobile Suit Gundam SEED Destiny'],4,"[' Sci-Fi', ' Mecha', ' Drama', 'Action']"
60,['Neon Genesis Evangelion'],['Mobile Suit Gundam SEED'],4,"[' Sci-Fi', ' Mecha', ' Drama', 'Action']"
61,['Neon Genesis Evangelion'],['Mobile Suit Gundam Wing: Endless Waltz'],4,"[' Sci-Fi', ' Mecha', ' Drama', 'Action']"
62,['Neon Genesis Evangelion'],['Mobile Suit Gundam Wing'],4,"[' Sci-Fi', ' Mecha', ' Drama', 'Action']"
63,['Neon Genesis Evangelion'],['Soukyuu no Fafner: Dead Aggressor'],4,"[' Sci-Fi', ' Mecha', ' Drama', 'Action']"
64,['Neon Genesis Evangelion'],['Appleseed (Movie)'],4,"[' Sci-Fi', ' Mecha', ' Drama', 'Action']"
65,['Neon Genesis Evangelion'],['Koukaku Kidoutai'],4,"[' Sci-Fi', ' Mecha', ' Psychological', 'Action']"
66,['Neon Genesis Evangelion'],['Neon Genesis Evangelion: The End of Evangelion'],4,"[' Mecha', ' Drama', ' Psychological', ' Dementia']"
67,['Kenpuu Denki Berserk'],['Ayashi no Ceres'],4,"[' Drama', ' Romance', ' Supernatural', ' Horror']"
68,['Kenpuu Denki Berserk'],['Mai-HiME'],4,"[' Drama', ' Romance', ' Fantasy', 'Action']"
69,['Kenpuu Denki Berserk'],['Turn A Gundam'],5,"[' Romance', ' Adventure', ' Military', ' Drama', 'Action']"
70,['Kenpuu Denki Berserk'],['Mobile Suit Gundam SEED Destiny'],4,"[' Military', ' Romance', ' Drama', 'Action']"
71,['Kenpuu Denki Berserk'],['Mobile Suit Gundam SEED'],4,"[' Military', ' Romance', ' Drama', 'Action']"
72,['Kenpuu Denki Berserk'],['Shuffle!'],4,"[' Drama', ' Romance', ' Fantasy', ' Seinen']"
73,['Kenpuu Denki Berserk'],['Basilisk: Kouga Ninpou Chou'],5,"[' Romance', ' Fantasy', ' Adventure', ' Supernatural', 'Action']"
74,['Kenpuu Denki Berserk'],['Chrno Crusade'],4,"[' Romance', ' Supernatural', ' Demons', 'Action']"
75,['Kenpuu Denki Berserk'],['Blue Gender'],4,"[' Military', ' Romance', ' Drama', ' Horror']"
76,['Kenpuu Denki Berserk'],['Arc the Lad'],4,"['Action', ' Fantasy', ' Adventure', ' Horror']"
77,['Kenpuu Denki Berserk'],['Tenshi Kinryouku'],4,"[' Drama', ' Romance', ' Supernatural', 'Action']"
78,['Kenpuu Denki Berserk'],['Akira'],6,"[' Seinen', ' Adventure', ' Supernatural', ' Military', ' Horror', 'Action']"
79,['Koukaku Kidoutai'],['Appleseed (Movie)'],4,"[' Sci-Fi', ' Police', ' Mecha', 'Action']"
80,['Rurouni Kenshin: Meiji Kenkaku Romantan - Tsuioku-hen'],['Basilisk: Kouga Ninpou Chou'],4,"[' Historical', ' Romance', 'Action', ' Samurai']"
81,['Rurouni Kenshin: Meiji Kenkaku Romantan - Tsuioku-hen'],['Chrno Crusade'],4,"[' Romance', ' Historical', ' Shounen', 'Action']"
82,['Rurouni Kenshin: Meiji Kenkaku Romantan - Tsuioku-hen'],['Rurouni Kenshin: Meiji Kenkaku Romantan'],5,"[' Shounen', ' Romance', ' Samurai', 'Action', ' Historical']"
83,['Rurouni Kenshin: Meiji Kenkaku Romantan'],['Basilisk: Kouga Ninpou Chou'],5,"[' Romance', ' Adventure', ' Samurai', 'Action', ' Historical']"
84,['Rurouni Kenshin: Meiji Kenkaku Romantan'],['Chrno Crusade'],4,"[' Romance', ' Historical', ' Shounen', 'Action']"
85,['Akira'],['Turn A Gundam'],4,"[' Sci-Fi', ' Military', ' Adventure', 'Action']"
86,['Akira'],['Arc the Lad'],4,"[' Sci-Fi', 'Action', ' Adventure', ' Horror']"
87,['.hack//Sign'],['Chou Henshin Cosprayers'],4,"[' Sci-Fi', ' Magic', ' Fantasy', ' Adventure']"
88,['Aa! Megami-sama!'],['Aa! Megami-sama! (TV)'],5,"[' Romance', ' Seinen', 'Comedy', ' Supernatural', ' Magic']"
89,['Tenshi Kinryouku'],['Ayashi no Ceres'],4,"[' Drama', ' Romance', ' Supernatural', ' Shoujo']"
90,['Ai Yori Aoshi'],['Shuffle!'],4,"[' Romance', ' Drama', 'Harem', ' Comedy']"
91,['Appleseed (Movie)'],['Turn A Gundam'],5,"[' Military', ' Mecha', ' Sci-Fi', ' Drama', 'Action']"
92,['Appleseed (Movie)'],['Mobile Suit Gundam SEED Destiny'],5,"[' Military', ' Mecha', ' Sci-Fi', ' Drama', 'Action']"
93,['Appleseed (Movie)'],['Mobile Suit Gundam SEED'],5,"[' Military', ' Mecha', ' Sci-Fi', ' Drama', 'Action']"
94,['Appleseed (Movie)'],['Mobile Suit Gundam Wing: Endless Waltz'],5,"[' Military', ' Mecha', ' Sci-Fi', ' Drama', 'Action']"
95,['Appleseed (Movie)'],['Mobile Suit Gundam Wing'],5,"[' Military', ' Mecha', ' Sci-Fi', ' Drama', 'Action']"
96,['Appleseed (Movie)'],['Mobile Suit Gundam ZZ'],4,"[' Sci-Fi', ' Military', ' Mecha', ' Drama']"
97,['Appleseed (Movie)'],['Mobile Suit Gundam: The 08th MS Team'],4,"[' Sci-Fi', ' Military', ' Mecha', ' Drama']"
98,['Appleseed (Movie)'],['Mobile Suit Gundam'],4,"[' Sci-Fi', ' Military', ' Mecha', 'Action']"
99,['Appleseed (Movie)'],['Soukyuu no Fafner: Dead Aggressor'],5,"[' Military', ' Mecha', ' Sci-Fi', ' Drama', 'Action']"
100,['Appleseed (Movie)'],['Full Metal Panic!'],4,"[' Sci-Fi', ' Military', ' Mecha', 'Action']"
101,['Appleseed (Movie)'],['Blue Gender'],4,"[' Sci-Fi', ' Military', ' Mecha', ' Drama']"
102,['Arc the Lad'],['Chou Henshin Cosprayers'],4,"[' Sci-Fi', ' Fantasy', ' Adventure', 'Action']"
103,['Avenger'],['Ou Dorobou Jing'],4,"[' Sci-Fi', ' Shounen', ' Fantasy', 'Adventure']"
104,['Blue Gender'],['Uchuu no Stellvia'],4,"[' Space', ' Mecha', ' Romance', ' Sci-Fi']"
105,['Blue Gender'],['Ayashi no Ceres'],4,"[' Romance', 'Adventure', ' Drama', ' Horror']"
106,['Blue Gender'],['Mobile Fighter G Gundam'],6,"[' Romance', 'Adventure', ' Space', ' Mecha', ' Sci-Fi', ' Drama']"
107,['Blue Gender'],['Turn A Gundam'],6,"[' Romance', ' Space', ' Military', ' Mecha', ' Sci-Fi', ' Drama']"
108,['Blue Gender'],['Mobile Suit Gundam SEED Destiny'],6,"[' Romance', ' Space', ' Military', ' Mecha', ' Sci-Fi', ' Drama']"
109,['Blue Gender'],['Mobile Suit Gundam SEED'],6,"[' Romance', ' Space', ' Military', ' Mecha', ' Sci-Fi', ' Drama']"
110,['Blue Gender'],['Mobile Suit Gundam Wing: Endless Waltz'],5,"[' Space', ' Military', ' Mecha', ' Sci-Fi', ' Drama']"
111,['Blue Gender'],['Mobile Suit Gundam Wing'],5,"[' Space', ' Military', ' Mecha', ' Sci-Fi', ' Drama']"
112,['Blue Gender'],['Mobile Suit Victory Gundam'],4,"[' Space', ' Military', ' Mecha', ' Sci-Fi']"
113,['Blue Gender'],['Mobile Suit Gundam F91'],4,"[' Space', ' Military', ' Mecha', ' Sci-Fi']"
114,['Blue Gender'],"[""Mobile Suit Gundam: Char's Counterattack""]",4,"[' Space', ' Mecha', ' Drama', ' Sci-Fi']"
115,['Blue Gender'],['Mobile Suit Gundam ZZ'],4,"[' Sci-Fi', ' Military', ' Mecha', ' Drama']"
116,['Blue Gender'],['Mobile Suit Zeta Gundam'],5,"[' Romance', ' Space', ' Mecha', ' Sci-Fi', ' Drama']"
117,['Blue Gender'],['Mobile Suit Gundam 0083: Stardust Memory'],5,"[' Romance', ' Space', ' Mecha', ' Sci-Fi', ' Drama']"
118,['Blue Gender'],"[""Mobile Suit Gundam: The 08th MS Team - Miller's Report""]",4,"[' Sci-Fi', ' Mecha', ' Romance', ' Drama']"
119,['Blue Gender'],['Mobile Suit Gundam 0080: War in the Pocket'],4,"[' Space', ' Mecha', ' Drama', ' Sci-Fi']"
120,['Blue Gender'],['Mobile Suit Gundam: The 08th MS Team'],6,"[' Romance', 'Adventure', ' Military', ' Mecha', ' Sci-Fi', ' Drama']"
121,['Blue Gender'],['Mobile Suit Gundam'],4,"[' Space', ' Military', ' Mecha', ' Sci-Fi']"
122,['Blue Gender'],['Soukyuu no Fafner: Dead Aggressor'],4,"[' Sci-Fi', ' Military', ' Mecha', ' Drama']"
123,['Chobits'],['Shuffle!'],5,"[' Romance', ' Seinen', ' Ecchi', ' Comedy', ' Drama']"
124,['Chobits'],['DearS'],4,"[' Romance', ' Ecchi', 'Sci-Fi', ' Comedy']"
125,['Chrno Crusade'],['Basilisk: Kouga Ninpou Chou'],4,"[' Historical', ' Romance', ' Supernatural', 'Action']"
126,['D.N.Angel'],['Chou Henshin Cosprayers'],4,"[' Magic', 'Action', ' Fantasy', ' Comedy']"
127,['D.N.Angel'],['Akazukin Chacha'],5,"[' Romance', ' Fantasy', ' Comedy', ' Magic', ' Shoujo']"
128,['D.N.Angel'],['Shin Shirayuki-hime Densetsu Prétear'],4,"[' Magic', ' Romance', ' Fantasy', ' Shoujo']"
129,['D.N.Angel'],['Mai-HiME'],6,"[' Romance', ' Fantasy', ' Comedy', ' Magic', ' School', 'Action']"
130,['D.N.Angel'],['Shuffle!'],5,"[' Romance', ' Fantasy', ' Comedy', ' Magic', ' School']"
131,['D.C.: Da Capo'],['Shuffle!'],4,"[' Drama', ' Romance', ' Magic', 'Harem']"
132,['Rozen Maiden'],['Mai-HiME'],4,"['Action', ' Drama', ' Magic', ' Comedy']"
133,['Rozen Maiden'],['Shuffle!'],4,"[' Magic', ' Drama', ' Seinen', ' Comedy']"
134,['Rozen Maiden'],"[""Mahou Shoujo Lyrical Nanoha A's""]",4,"['Action', ' Drama', ' Magic', ' Comedy']"
135,['Rozen Maiden'],['Mahou Shoujo Lyrical Nanoha'],4,"['Action', ' Drama', ' Magic', ' Comedy']"
136,['Rozen Maiden'],['Rozen Maiden: Träumend'],5,"[' Seinen', ' Comedy', ' Magic', ' Drama', 'Action']"
137,['Rozen Maiden: Träumend'],['Mai-HiME'],4,"['Action', ' Drama', ' Magic', ' Comedy']"
138,['Rozen Maiden: Träumend'],['Shuffle!'],4,"[' Magic', ' Drama', ' Seinen', ' Comedy']"
139,['Rozen Maiden: Träumend'],"[""Mahou Shoujo Lyrical Nanoha A's""]",4,"['Action', ' Drama', ' Magic', ' Comedy']"
140,['Rozen Maiden: Träumend'],['Mahou Shoujo Lyrical Nanoha'],4,"['Action', ' Drama', ' Magic', ' Comedy']"
141,['Full Metal Panic!'],['Turn A Gundam'],4,"[' Sci-Fi', ' Military', ' Mecha', 'Action']"
142,['Full Metal Panic!'],['Mobile Suit Gundam SEED Destiny'],4,"[' Sci-Fi', ' Military', ' Mecha', 'Action']"
143,['Full Metal Panic!'],['Mobile Suit Gundam SEED'],4,"[' Sci-Fi', ' Military', ' Mecha', 'Action']"
144,['Full Metal Panic!'],['Mobile Suit Gundam Wing: Endless Waltz'],4,"[' Sci-Fi', ' Military', ' Mecha', 'Action']"
145,['Full Metal Panic!'],['Mobile Suit Gundam Wing'],4,"[' Sci-Fi', ' Military', ' Mecha', 'Action']"
146,['Full Metal Panic!'],['Mobile Suit Gundam ZZ'],4,"[' Sci-Fi', ' Military', ' Mecha', ' Comedy']"
147,['Full Metal Panic!'],['Mobile Suit Gundam'],4,"[' Sci-Fi', ' Military', ' Mecha', 'Action']"
148,['Full Metal Panic!'],['Soukyuu no Fafner: Dead Aggressor'],4,"[' Sci-Fi', ' Military', ' Mecha', 'Action']"
149,['Soukyuu no Fafner: Dead Aggressor'],['Turn A Gundam'],5,"[' Military', ' Mecha', ' Sci-Fi', ' Drama', 'Action']"
150,['Soukyuu no Fafner: Dead Aggressor'],['Mobile Suit Gundam SEED Destiny'],5,"[' Military', ' Mecha', ' Sci-Fi', ' Drama', 'Action']"
151,['Soukyuu no Fafner: Dead Aggressor'],['Mobile Suit Gundam SEED'],5,"[' Military', ' Mecha', ' Sci-Fi', ' Drama', 'Action']"
152,['Soukyuu no Fafner: Dead Aggressor'],['Mobile Suit Gundam Wing: Endless Waltz'],5,"[' Military', ' Mecha', ' Sci-Fi', ' Drama', 'Action']"
153,['Soukyuu no Fafner: Dead Aggressor'],['Mobile Suit Gundam Wing'],5,"[' Military', ' Mecha', ' Sci-Fi', ' Drama', 'Action']"
154,['Soukyuu no Fafner: Dead Aggressor'],['Mobile Suit Gundam ZZ'],4,"[' Sci-Fi', ' Military', ' Mecha', ' Drama']"
155,['Soukyuu no Fafner: Dead Aggressor'],['Mobile Suit Gundam: The 08th MS Team'],4,"[' Sci-Fi', ' Military', ' Mecha', ' Drama']"
156,['Soukyuu no Fafner: Dead Aggressor'],['Mobile Suit Gundam'],4,"[' Sci-Fi', ' Military', ' Mecha', 'Action']"
157,['Mahou Shoujo Lyrical Nanoha'],['Chou Henshin Cosprayers'],4,"[' Super Power', 'Action', ' Magic', ' Comedy']"
158,['Mahou Shoujo Lyrical Nanoha'],['Mai-HiME'],4,"['Action', ' Drama', ' Magic', ' Comedy']"
159,['Mahou Shoujo Lyrical Nanoha'],"[""Mahou Shoujo Lyrical Nanoha A's""]",5,"[' Super Power', ' Comedy', ' Magic', ' Drama', 'Action']"
160,"[""Mahou Shoujo Lyrical Nanoha A's""]",['Chou Henshin Cosprayers'],4,"[' Super Power', 'Action', ' Magic', ' Comedy']"
161,"[""Mahou Shoujo Lyrical Nanoha A's""]",['Mai-HiME'],4,"['Action', ' Drama', ' Magic', ' Comedy']"
162,['Shuffle!'],['Chou Henshin Cosprayers'],4,"[' Magic', ' Ecchi', ' Fantasy', ' Comedy']"
163,['Shuffle!'],['Akazukin Chacha'],4,"[' Magic', ' Romance', ' Fantasy', ' Comedy']"
164,['Shuffle!'],['Shin Shirayuki-hime Densetsu Prétear'],4,"[' Magic', ' Drama', ' Romance', ' Fantasy']"
165,['Shuffle!'],['Mai-HiME'],6,"[' Romance', ' Fantasy', ' Comedy', ' Magic', ' Drama', ' School']"
166,['Mobile Suit Gundam'],['Uchuu no Stellvia'],4,"[' Space', ' Mecha', 'Action', ' Sci-Fi']"
167,['Mobile Suit Gundam'],['Turn A Gundam'],5,"[' Space', ' Military', ' Mecha', ' Sci-Fi', 'Action']"
168,['Mobile Suit Gundam'],['Mobile Suit Gundam SEED Destiny'],5,"[' Space', ' Military', ' Mecha', ' Sci-Fi', 'Action']"
169,['Mobile Suit Gundam'],['Mobile Suit Gundam SEED'],5,"[' Space', ' Military', ' Mecha', ' Sci-Fi', 'Action']"
170,['Mobile Suit Gundam'],['Mobile Suit Gundam Wing: Endless Waltz'],5,"[' Space', ' Military', ' Mecha', ' Sci-Fi', 'Action']"
171,['Mobile Suit Gundam'],['Mobile Suit Gundam Wing'],5,"[' Space', ' Military', ' Mecha', ' Sci-Fi', 'Action']"
172,['Mobile Suit Gundam'],['Mobile Suit Victory Gundam'],4,"[' Space', ' Military', ' Mecha', ' Sci-Fi']"
173,['Mobile Suit Gundam'],['Mobile Suit Gundam F91'],4,"[' Space', ' Military', ' Mecha', ' Sci-Fi']"
174,['Mobile Suit Gundam: The 08th MS Team'],['Mobile Fighter G Gundam'],5,"[' Romance', 'Adventure', ' Mecha', ' Sci-Fi', ' Drama']"
175,['Mobile Suit Gundam: The 08th MS Team'],['Turn A Gundam'],5,"[' Romance', ' Military', ' Mecha', ' Sci-Fi', ' Drama']"
176,['Mobile Suit Gundam: The 08th MS Team'],['Mobile Suit Gundam SEED Destiny'],5,"[' Romance', ' Military', ' Mecha', ' Sci-Fi', ' Drama']"
177,['Mobile Suit Gundam: The 08th MS Team'],['Mobile Suit Gundam SEED'],5,"[' Romance', ' Military', ' Mecha', ' Sci-Fi', ' Drama']"
178,['Mobile Suit Gundam: The 08th MS Team'],['Mobile Suit Gundam Wing: Endless Waltz'],4,"[' Sci-Fi', ' Military', ' Mecha', ' Drama']"
179,['Mobile Suit Gundam: The 08th MS Team'],['Mobile Suit Gundam Wing'],4,"[' Sci-Fi', ' Military', ' Mecha', ' Drama']"
180,['Mobile Suit Gundam: The 08th MS Team'],['Mobile Suit Gundam ZZ'],4,"[' Sci-Fi', ' Military', ' Mecha', ' Drama']"
181,['Mobile Suit Gundam: The 08th MS Team'],['Mobile Suit Zeta Gundam'],4,"[' Sci-Fi', ' Mecha', ' Romance', ' Drama']"
182,['Mobile Suit Gundam: The 08th MS Team'],['Mobile Suit Gundam 0083: Stardust Memory'],4,"[' Sci-Fi', ' Mecha', ' Romance', ' Drama']"
183,['Mobile Suit Gundam: The 08th MS Team'],"[""Mobile Suit Gundam: The 08th MS Team - Miller's Report""]",4,"[' Sci-Fi', ' Mecha', ' Romance', ' Drama']"
184,['Mobile Suit Gundam 0080: War in the Pocket'],['Mobile Fighter G Gundam'],4,"[' Space', ' Mecha', ' Drama', ' Sci-Fi']"
185,['Mobile Suit Gundam 0080: War in the Pocket'],['Turn A Gundam'],4,"[' Space', ' Mecha', ' Drama', ' Sci-Fi']"
186,['Mobile Suit Gundam 0080: War in the Pocket'],['Mobile Suit Gundam SEED Destiny'],4,"[' Space', ' Mecha', ' Drama', ' Sci-Fi']"
187,['Mobile Suit Gundam 0080: War in the Pocket'],['Mobile Suit Gundam SEED'],4,"[' Space', ' Mecha', ' Drama', ' Sci-Fi']"
188,['Mobile Suit Gundam 0080: War in the Pocket'],['Mobile Suit Gundam Wing: Endless Waltz'],4,"[' Space', ' Mecha', ' Drama', ' Sci-Fi']"
189,['Mobile Suit Gundam 0080: War in the Pocket'],['Mobile Suit Gundam Wing'],4,"[' Space', ' Mecha', ' Drama', ' Sci-Fi']"
190,['Mobile Suit Gundam 0080: War in the Pocket'],"[""Mobile Suit Gundam: Char's Counterattack""]",5,"['Military', ' Space', ' Mecha', ' Sci-Fi', ' Drama']"
191,['Mobile Suit Gundam 0080: War in the Pocket'],['Mobile Suit Zeta Gundam'],5,"['Military', ' Space', ' Mecha', ' Sci-Fi', ' Drama']"
192,['Mobile Suit Gundam 0080: War in the Pocket'],['Mobile Suit Gundam 0083: Stardust Memory'],5,"['Military', ' Space', ' Mecha', ' Sci-Fi', ' Drama']"
193,['Mobile Suit Gundam 0080: War in the Pocket'],"[""Mobile Suit Gundam: The 08th MS Team - Miller's Report""]",4,"['Military', ' Mecha', ' Drama', ' Sci-Fi']"
194,"[""Mobile Suit Gundam: The 08th MS Team - Miller's Report""]",['Mobile Fighter G Gundam'],4,"[' Sci-Fi', ' Mecha', ' Romance', ' Drama']"
195,"[""Mobile Suit Gundam: The 08th MS Team - Miller's Report""]",['Turn A Gundam'],4,"[' Sci-Fi', ' Mecha', ' Romance', ' Drama']"
196,"[""Mobile Suit Gundam: The 08th MS Team - Miller's Report""]",['Mobile Suit Gundam SEED Destiny'],4,"[' Sci-Fi', ' Mecha', ' Romance', ' Drama']"
197,"[""Mobile Suit Gundam: The 08th MS Team - Miller's Report""]",['Mobile Suit Gundam SEED'],4,"[' Sci-Fi', ' Mecha', ' Romance', ' Drama']"
198,"[""Mobile Suit Gundam: The 08th MS Team - Miller's Report""]","[""Mobile Suit Gundam: Char's Counterattack""]",4,"['Military', ' Mecha', ' Drama', ' Sci-Fi']"
199,"[""Mobile Suit Gundam: The 08th MS Team - Miller's Report""]",['Mobile Suit Zeta Gundam'],5,"[' Romance', 'Military', ' Mecha', ' Sci-Fi', ' Drama']"
200,"[""Mobile Suit Gundam: The 08th MS Team - Miller's Report""]",['Mobile Suit Gundam 0083: Stardust Memory'],5,"[' Romance', 'Military', ' Mecha', ' Sci-Fi', ' Drama']"
201,['Mobile Suit Gundam 0083: Stardust Memory'],['Fruits Basket'],4,"[' Space', ' Drama', ' Adventure', ' Sci-Fi']"
202,['Mobile Suit Gundam 0083: Stardust Memory'],['Uchuu no Stellvia'],4,"[' Space', ' Mecha', ' Romance', ' Sci-Fi']"
203,['Mobile Suit Gundam 0083: Stardust Memory'],['Mobile Fighter G Gundam'],5,"[' Romance', ' Space', ' Mecha', ' Sci-Fi', ' Drama']"
204,['Mobile Suit Gundam 0083: Stardust Memory'],['Turn A Gundam'],6,"[' Romance', ' Adventure', ' Space', ' Mecha', ' Sci-Fi', ' Drama']"
205,['Mobile Suit Gundam 0083: Stardust Memory'],['Mobile Suit Gundam SEED Destiny'],5,"[' Romance', ' Space', ' Mecha', ' Sci-Fi', ' Drama']"
206,['Mobile Suit Gundam 0083: Stardust Memory'],['Mobile Suit Gundam SEED'],5,"[' Romance', ' Space', ' Mecha', ' Sci-Fi', ' Drama']"
207,['Mobile Suit Gundam 0083: Stardust Memory'],['After War Gundam X'],4,"[' Space', ' Mecha', ' Drama', ' Adventure']"
208,['Mobile Suit Gundam 0083: Stardust Memory'],['Mobile Suit Gundam Wing: Endless Waltz'],4,"[' Space', ' Mecha', ' Drama', ' Sci-Fi']"
209,['Mobile Suit Gundam 0083: Stardust Memory'],['Mobile Suit Gundam Wing'],4,"[' Space', ' Mecha', ' Drama', ' Sci-Fi']"
210,['Mobile Suit Gundam 0083: Stardust Memory'],"[""Mobile Suit Gundam: Char's Counterattack""]",5,"['Military', ' Space', ' Mecha', ' Sci-Fi', ' Drama']"
211,['Mobile Suit Gundam 0083: Stardust Memory'],['Mobile Suit Zeta Gundam'],6,"[' Romance', 'Military', ' Space', ' Mecha', ' Sci-Fi', ' Drama']"
212,['Mobile Suit Zeta Gundam'],['Uchuu no Stellvia'],4,"[' Space', ' Mecha', ' Romance', ' Sci-Fi']"
213,['Mobile Suit Zeta Gundam'],['Mobile Fighter G Gundam'],5,"[' Romance', ' Space', ' Mecha', ' Sci-Fi', ' Drama']"
214,['Mobile Suit Zeta Gundam'],['Turn A Gundam'],5,"[' Romance', ' Space', ' Mecha', ' Sci-Fi', ' Drama']"
215,['Mobile Suit Zeta Gundam'],['Mobile Suit Gundam SEED Destiny'],5,"[' Romance', ' Space', ' Mecha', ' Sci-Fi', ' Drama']"
216,['Mobile Suit Zeta Gundam'],['Mobile Suit Gundam SEED'],5,"[' Romance', ' Space', ' Mecha', ' Sci-Fi', ' Drama']"
217,['Mobile Suit Zeta Gundam'],['Mobile Suit Gundam Wing: Endless Waltz'],4,"[' Space', ' Mecha', ' Drama', ' Sci-Fi']"
218,['Mobile Suit Zeta Gundam'],['Mobile Suit Gundam Wing'],4,"[' Space', ' Mecha', ' Drama', ' Sci-Fi']"
219,['Mobile Suit Zeta Gundam'],"[""Mobile Suit Gundam: Char's Counterattack""]",5,"['Military', ' Space', ' Mecha', ' Sci-Fi', ' Drama']"
220,['Mobile Suit Gundam ZZ'],['Mobile Fighter G Gundam'],4,"[' Sci-Fi', ' Mecha', ' Drama', ' Comedy']"
221,['Mobile Suit Gundam ZZ'],['Turn A Gundam'],4,"[' Sci-Fi', ' Military', ' Mecha', ' Drama']"
222,['Mobile Suit Gundam ZZ'],['Mobile Suit Gundam SEED Destiny'],4,"[' Sci-Fi', ' Military', ' Mecha', ' Drama']"
223,['Mobile Suit Gundam ZZ'],['Mobile Suit Gundam SEED'],4,"[' Sci-Fi', ' Military', ' Mecha', ' Drama']"
224,['Mobile Suit Gundam ZZ'],['Mobile Suit Gundam Wing: Endless Waltz'],4,"[' Sci-Fi', ' Military', ' Mecha', ' Drama']"
225,['Mobile Suit Gundam ZZ'],['Mobile Suit Gundam Wing'],4,"[' Sci-Fi', ' Military', ' Mecha', ' Drama']"
226,"[""Mobile Suit Gundam: Char's Counterattack""]",['Mobile Fighter G Gundam'],4,"[' Space', ' Mecha', ' Drama', ' Sci-Fi']"
227,"[""Mobile Suit Gundam: Char's Counterattack""]",['Turn A Gundam'],4,"[' Space', ' Mecha', ' Drama', ' Sci-Fi']"
228,"[""Mobile Suit Gundam: Char's Counterattack""]",['Mobile Suit Gundam SEED Destiny'],4,"[' Space', ' Mecha', ' Drama', ' Sci-Fi']"
229,"[""Mobile Suit Gundam: Char's Counterattack""]",['Mobile Suit Gundam SEED'],4,"[' Space', ' Mecha', ' Drama', ' Sci-Fi']"
230,"[""Mobile Suit Gundam: Char's Counterattack""]",['Mobile Suit Gundam Wing: Endless Waltz'],4,"[' Space', ' Mecha', ' Drama', ' Sci-Fi']"
231,"[""Mobile Suit Gundam: Char's Counterattack""]",['Mobile Suit Gundam Wing'],4,"[' Space', ' Mecha', ' Drama', ' Sci-Fi']"
232,['Mobile Suit Gundam F91'],['Turn A Gundam'],4,"[' Space', ' Military', ' Mecha', ' Sci-Fi']"
233,['Mobile Suit Gundam F91'],['Mobile Suit Gundam SEED Destiny'],4,"[' Space', ' Military', ' Mecha', ' Sci-Fi']"
234,['Mobile Suit Gundam F91'],['Mobile Suit Gundam SEED'],4,"[' Space', ' Military', ' Mecha', ' Sci-Fi']"
235,['Mobile Suit Gundam F91'],['Mobile Suit Gundam Wing: Endless Waltz'],4,"[' Space', ' Military', ' Mecha', ' Sci-Fi']"
236,['Mobile Suit Gundam F91'],['Mobile Suit Gundam Wing'],4,"[' Space', ' Military', ' Mecha', ' Sci-Fi']"
237,['Mobile Suit Gundam F91'],['Mobile Suit Victory Gundam'],5,"['Drama', ' Space', ' Military', ' Mecha', ' Sci-Fi']"
238,['Mobile Suit Victory Gundam'],['Turn A Gundam'],4,"[' Space', ' Military', ' Mecha', ' Sci-Fi']"
239,['Mobile Suit Victory Gundam'],['Mobile Suit Gundam SEED Destiny'],4,"[' Space', ' Military', ' Mecha', ' Sci-Fi']"
240,['Mobile Suit Victory Gundam'],['Mobile Suit Gundam SEED'],4,"[' Space', ' Military', ' Mecha', ' Sci-Fi']"
241,['Mobile Suit Victory Gundam'],['Mobile Suit Gundam Wing: Endless Waltz'],4,"[' Space', ' Military', ' Mecha', ' Sci-Fi']"
242,['Mobile Suit Victory Gundam'],['Mobile Suit Gundam Wing'],4,"[' Space', ' Military', ' Mecha', ' Sci-Fi']"
243,['Mobile Suit Gundam Wing'],['Fruits Basket'],4,"[' Space', 'Action', ' Drama', ' Sci-Fi']"
244,['Mobile Suit Gundam Wing'],['Uchuu no Stellvia'],4,"[' Space', ' Mecha', 'Action', ' Sci-Fi']"
245,['Mobile Suit Gundam Wing'],['Mobile Fighter G Gundam'],4,"[' Space', ' Mecha', ' Drama', ' Sci-Fi']"
246,['Mobile Suit Gundam Wing'],['Turn A Gundam'],6,"[' Space', ' Military', ' Mecha', ' Sci-Fi', ' Drama', 'Action']"
247,['Mobile Suit Gundam Wing'],['Mobile Suit Gundam SEED Destiny'],6,"[' Space', ' Military', ' Mecha', ' Sci-Fi', ' Drama', 'Action']"
248,['Mobile Suit Gundam Wing'],['Mobile Suit Gundam SEED'],6,"[' Space', ' Military', ' Mecha', ' Sci-Fi', ' Drama', 'Action']"
249,['Mobile Suit Gundam Wing'],['Mobile Suit Gundam Wing: Endless Waltz'],6,"[' Space', ' Military', ' Mecha', ' Sci-Fi', ' Drama', 'Action']"
250,['Mobile Suit Gundam Wing: Endless Waltz'],['Fruits Basket'],4,"[' Space', 'Action', ' Drama', ' Sci-Fi']"
251,['Mobile Suit Gundam Wing: Endless Waltz'],['Uchuu no Stellvia'],4,"[' Space', ' Mecha', 'Action', ' Sci-Fi']"
252,['Mobile Suit Gundam Wing: Endless Waltz'],['Mobile Fighter G Gundam'],4,"[' Space', ' Mecha', ' Drama', ' Sci-Fi']"
253,['Mobile Suit Gundam Wing: Endless Waltz'],['Turn A Gundam'],6,"[' Space', ' Military', ' Mecha', ' Sci-Fi', ' Drama', 'Action']"
254,['Mobile Suit Gundam Wing: Endless Waltz'],['Mobile Suit Gundam SEED Destiny'],6,"[' Space', ' Military', ' Mecha', ' Sci-Fi', ' Drama', 'Action']"
255,['Mobile Suit Gundam Wing: Endless Waltz'],['Mobile Suit Gundam SEED'],6,"[' Space', ' Military', ' Mecha', ' Sci-Fi', ' Drama', 'Action']"
256,['After War Gundam X'],['Turn A Gundam'],4,"[' Space', ' Mecha', ' Drama', ' Adventure']"
257,['Mobile Suit Gundam SEED'],['Fruits Basket'],4,"[' Space', 'Action', ' Drama', ' Sci-Fi']"
258,['Mobile Suit Gundam SEED'],['Uchuu no Stellvia'],5,"[' Romance', ' Space', ' Mecha', ' Sci-Fi', 'Action']"
259,['Mobile Suit Gundam SEED'],['Mai-HiME'],4,"[' Mecha', ' Romance', ' Drama', 'Action']"
260,['Mobile Suit Gundam SEED'],['Mobile Fighter G Gundam'],5,"[' Romance', ' Space', ' Mecha', ' Sci-Fi', ' Drama']"
261,['Mobile Suit Gundam SEED'],['Turn A Gundam'],7,"[' Romance', ' Space', ' Military', ' Mecha', ' Sci-Fi', ' Drama', 'Action']"
262,['Mobile Suit Gundam SEED'],['Mobile Suit Gundam SEED Destiny'],7,"[' Romance', ' Space', ' Military', ' Mecha', ' Sci-Fi', ' Drama', 'Action']"
263,['Mobile Suit Gundam SEED Destiny'],['Fruits Basket'],4,"[' Space', 'Action', ' Drama', ' Sci-Fi']"
264,['Mobile Suit Gundam SEED Destiny'],['Uchuu no Stellvia'],5,"[' Romance', ' Space', ' Mecha', ' Sci-Fi', 'Action']"
265,['Mobile Suit Gundam SEED Destiny'],['Mai-HiME'],4,"[' Mecha', ' Romance', ' Drama', 'Action']"
266,['Mobile Suit Gundam SEED Destiny'],['Mobile Fighter G Gundam'],5,"[' Romance', ' Space', ' Mecha', ' Sci-Fi', ' Drama']"
267,['Mobile Suit Gundam SEED Destiny'],['Turn A Gundam'],7,"[' Romance', ' Space', ' Military', ' Mecha', ' Sci-Fi', ' Drama', 'Action']"
268,['Turn A Gundam'],['Fruits Basket'],5,"[' Adventure', ' Space', ' Sci-Fi', ' Drama', 'Action']"
269,['Turn A Gundam'],['Uchuu no Stellvia'],5,"[' Romance', ' Space', ' Mecha', ' Sci-Fi', 'Action']"
270,['Turn A Gundam'],['Mai-HiME'],4,"[' Mecha', ' Romance', ' Drama', 'Action']"
271,['Turn A Gundam'],['Mobile Fighter G Gundam'],5,"[' Romance', ' Space', ' Mecha', ' Sci-Fi', ' Drama']"
272,['Mobile Fighter G Gundam'],['Fruits Basket'],4,"[' Space', ' Drama', ' Sci-Fi', ' Comedy']"
273,['Mobile Fighter G Gundam'],['Uchuu no Stellvia'],4,"[' Space', ' Mecha', ' Romance', ' Sci-Fi']"
274,['Mobile Fighter G Gundam'],['Bakuretsu Tenshi'],4,"[' Sci-Fi', ' Mecha', 'Adventure', ' Comedy']"
275,['Mobile Fighter G Gundam'],['Ayashi no Ceres'],4,"[' Romance', 'Adventure', ' Drama', ' Comedy']"
276,['Mobile Fighter G Gundam'],['Mai-HiME'],4,"[' Mecha', ' Romance', ' Drama', ' Comedy']"
277,['Mai-HiME'],['Chou Henshin Cosprayers'],4,"[' Magic', 'Action', ' Fantasy', ' Comedy']"
278,['Mai-HiME'],['Akazukin Chacha'],4,"[' Magic', ' Romance', ' Fantasy', ' Comedy']"
279,['Mai-HiME'],['Shin Shirayuki-hime Densetsu Prétear'],4,"[' Magic', ' Drama', ' Romance', ' Fantasy']"
280,['Mai-Otome'],['Shin Shirayuki-hime Densetsu Prétear'],4,"[' Drama', 'Comedy', ' Magic', ' Fantasy']"
281,['Shin Shirayuki-hime Densetsu Prétear'],['Akazukin Chacha'],4,"[' Magic', ' Romance', ' Fantasy', ' Shoujo']"
282,['Shin Shirayuki-hime Densetsu Prétear'],['Aishiteruze Baby★★'],4,"[' Romance', ' Drama', ' Shoujo', 'Comedy']"
283,['Akazukin Chacha'],['El Hazard: The Magnificent World'],4,"[' Romance', ' Fantasy', 'Adventure', ' Comedy']"
284,['Akazukin Chacha'],['El Hazard: The Wanderers'],4,"[' Romance', ' Fantasy', 'Adventure', ' Comedy']"
285,['Akazukin Chacha'],['Ayashi no Ceres'],4,"[' Romance', ' Shoujo', 'Adventure', ' Comedy']"
286,['Ou Dorobou Jing'],['Ou Dorobou Jing in Seventh Heaven'],4,"[' Shounen', ' Fantasy', 'Adventure', ' Comedy']"
287,['Chou Henshin Cosprayers'],['Fruits Basket'],4,"[' Sci-Fi', 'Action', ' Adventure', ' Comedy']"
288,['El Hazard: The Wanderers'],['El Hazard: The Magnificent World'],4,"[' Romance', ' Fantasy', 'Adventure', ' Comedy']"
